order_date,product,region,segment,price,quantity,sales,profit
2023-01-01,Laptop,East,Home Office,1595,1,1595,349.89520038492935
2023-01-01,Phone,East,Home Office,830,3,2490,680.3557205959177
2023-01-01,Headphones,West,Home Office,1832,2,3664,895.4807003171292
2023-01-01,Phone,South,Corporate,1715,4,6860,937.6309875189113
2023-01-01,Headphones,South,Corporate,752,4,3008,314.67435490491573
2023-01-01,Tablet,East,Home Office,1999,4,7996,1385.4858597952718
2023-01-02,Headphones,East,Consumer,1654,1,1654,366.3758370089958
2023-01-02,Laptop,North,Home Office,1797,4,7188,2073.309243972544
2023-01-02,Phone,South,Corporate,1276,2,2552,305.05184698885836
2023-01-02,Headphones,West,Home Office,1455,3,4365,969.027082244228
2023-01-02,Headphones,East,Home Office,705,1,705,106.9879774056024
2023-01-03,Phone,South,Corporate,1065,2,2130,454.84033965131636
2023-01-03,Laptop,East,Corporate,1229,4,4916,1415.3153593459106
2023-01-03,Phone,West,Corporate,1315,3,3945,464.3205841189645
2023-01-03,Tablet,West,Consumer,795,1,795,141.29968906062766
2023-01-03,Phone,East,Consumer,1291,2,2582,756.6578406712008
2023-01-03,Headphones,West,Consumer,1564,1,1564,407.32721557986355
2023-01-04,Laptop,East,Consumer,1867,1,1867,260.90043548486
2023-01-04,Headphones,East,Home Office,1092,4,4368,1073.6606620006064
2023-01-04,Laptop,East,Consumer,730,2,1460,179.83376538133788
2023-01-05,Headphones,West,Corporate,1556,4,6224,1083.994560336402
2023-01-05,Phone,West,Consumer,598,4,2392,544.207494296334
2023-01-05,Tablet,East,Consumer,1112,3,3336,809.4769220351823
2023-01-06,Laptop,South,Home Office,1266,2,2532,503.25808999892746
2023-01-06,Laptop,East,Home Office,1391,1,1391,195.2182820897072
2023-01-06,Headphones,East,Consumer,1063,1,1063,214.4221289416158
2023-01-07,Tablet,East,Consumer,1694,1,1694,246.91681846856167
2023-01-07,Headphones,East,Home Office,1766,2,3532,975.1624814803779
2023-01-07,Phone,North,Corporate,1512,2,3024,578.5121082280641
2023-01-07,Headphones,West,Corporate,1854,4,7416,1939.1952381393373
2023-01-07,Headphones,North,Home Office,689,1,689,106.39982396520274
2023-01-07,Tablet,South,Consumer,1127,1,1127,306.70867346597976
2023-01-07,Tablet,South,Home Office,1148,2,2296,331.59190656815935
2023-01-08,Phone,West,Home Office,1897,4,7588,1546.1166475577324
2023-01-08,Laptop,West,Consumer,941,4,3764,562.2483001048989
2023-01-08,Tablet,South,Home Office,1636,1,1636,256.79980976030737
2023-01-08,Laptop,East,Consumer,501,2,1002,182.57181746897356
2023-01-08,Tablet,North,Consumer,884,3,2652,626.2461715046483
2023-01-09,Headphones,South,Corporate,1939,3,5817,1363.662495851999
2023-01-09,Tablet,West,Home Office,900,3,2700,703.6954684451437
2023-01-09,Laptop,West,Corporate,697,2,1394,288.7739819200426
2023-01-09,Headphones,West,Consumer,1724,4,6896,1390.507752880799
2023-01-09,Headphones,North,Home Office,1159,4,4636,1091.8376763001643
2023-01-09,Tablet,South,Home Office,646,4,2584,591.8252980836037
2023-01-09,Headphones,North,Consumer,1050,2,2100,561.8382444810777
2023-01-10,Headphones,North,Consumer,650,3,1950,537.1623478185825
2023-01-10,Tablet,East,Corporate,1123,1,1123,228.3364211794698
2023-01-10,Laptop,South,Consumer,1827,2,3654,1021.0852759122912
2023-01-10,Laptop,West,Home Office,1514,1,1514,235.84224556491267
2023-01-10,Tablet,West,Home Office,903,4,3612,653.4166710330701
2023-01-11,Headphones,West,Home Office,1943,2,3886,908.5376715638985
2023-01-11,Phone,East,Corporate,1996,3,5988,1764.859810898168
2023-01-11,Phone,West,Corporate,837,2,1674,399.0465121875137
2023-01-12,Laptop,West,Consumer,1300,2,2600,429.2078430428192
2023-01-12,Headphones,West,Home Office,1718,1,1718,277.6496880804809
2023-01-12,Headphones,West,Home Office,969,3,2907,436.31850133728665
2023-01-12,Phone,South,Corporate,1888,3,5664,1576.910337704634
2023-01-12,Tablet,East,Corporate,1800,2,3600,824.4744206620067
2023-01-12,Tablet,West,Consumer,952,4,3808,931.0195309831624
2023-01-12,Tablet,West,Home Office,1715,1,1715,186.4560937117708
2023-01-13,Headphones,South,Consumer,1569,1,1569,434.14042418715206
2023-01-13,Headphones,North,Consumer,779,1,779,144.61109030783754
2023-01-13,Laptop,East,Home Office,1199,1,1199,137.96803219026955
2023-01-13,Laptop,North,Home Office,1684,4,6736,1327.3690466250525
2023-01-13,Phone,North,Corporate,1065,2,2130,609.1871716294143
2023-01-13,Phone,West,Corporate,1811,3,5433,1619.0925135232924
2023-01-14,Tablet,East,Corporate,1909,2,3818,947.4509165171105
2023-01-14,Laptop,North,Home Office,745,4,2980,627.480706237113
2023-01-14,Phone,East,Corporate,1420,4,5680,1605.4412677041512
2023-01-14,Phone,East,Consumer,535,1,535,74.28731302578852
2023-01-15,Tablet,East,Home Office,1615,2,3230,383.7123331372014
2023-01-15,Tablet,East,Corporate,550,1,550,72.05457784005186
2023-01-15,Phone,North,Corporate,813,2,1626,172.5186812801789
2023-01-15,Headphones,South,Corporate,1577,3,4731,593.3246570712134
2023-01-15,Laptop,West,Consumer,1503,4,6012,1350.163508124766
2023-01-15,Headphones,South,Consumer,1491,4,5964,1087.062937951606
2023-01-16,Tablet,West,Consumer,869,4,3476,844.3865164259026
2023-01-16,Tablet,North,Home Office,1581,3,4743,712.2662962410428
2023-01-16,Phone,North,Corporate,1290,3,3870,925.6840355165223
2023-01-16,Laptop,North,Corporate,1133,1,1133,213.53701525706825
2023-01-16,Headphones,South,Corporate,1059,1,1059,245.72980438881547
2023-01-17,Laptop,West,Consumer,1203,3,3609,675.3686982657017
2023-01-17,Laptop,East,Home Office,1599,2,3198,547.4801252653469
2023-01-17,Laptop,South,Consumer,1808,2,3616,427.9890843962812
2023-01-17,Tablet,North,Corporate,1457,4,5828,787.1649625830129
2023-01-17,Headphones,South,Corporate,931,1,931,181.26044371934134
2023-01-17,Laptop,South,Corporate,856,3,2568,281.48306346759654
2023-01-17,Phone,North,Corporate,1703,3,5109,526.5381792687151
2023-01-18,Phone,West,Consumer,1515,1,1515,358.7410221276367
2023-01-18,Headphones,West,Home Office,757,1,757,206.99391854022758
2023-01-18,Headphones,East,Corporate,879,1,879,168.46085814840862
2023-01-18,Tablet,East,Consumer,1791,3,5373,1418.9306863166046
2023-01-18,Headphones,South,Home Office,784,1,784,112.04757397027306
2023-01-19,Laptop,East,Corporate,534,3,1602,183.00884296665737
2023-01-19,Headphones,North,Corporate,1469,2,2938,493.95099701718743
2023-01-19,Tablet,North,Home Office,1719,2,3438,822.87647490439
2023-01-19,Laptop,East,Consumer,1899,4,7596,1394.5436113823073
2023-01-20,Laptop,West,Corporate,956,4,3824,999.4672085916036
2023-01-20,Laptop,East,Corporate,1508,3,4524,977.6762223687696
2023-01-20,Tablet,South,Consumer,1892,3,5676,1419.9888361569078
2023-01-20,Laptop,East,Consumer,1796,1,1796,361.08665218327025
2023-01-20,Headphones,North,Corporate,896,3,2688,322.55187533821777
2023-01-20,Headphones,West,Consumer,1756,3,5268,622.9796426618703
2023-01-20,Tablet,West,Corporate,1234,4,4936,969.9446814872165
2023-01-21,Tablet,West,Consumer,1592,3,4776,1053.0515724207487
2023-01-21,Headphones,East,Consumer,1674,4,6696,1727.0566168304665
2023-01-21,Laptop,North,Corporate,1709,3,5127,1533.9278955778993
2023-01-21,Phone,North,Home Office,1738,1,1738,295.77805836310256
2023-01-22,Tablet,West,Consumer,1597,2,3194,714.3176988464276
2023-01-22,Laptop,South,Home Office,1697,1,1697,245.24243612360777
2023-01-22,Laptop,South,Home Office,1133,2,2266,263.467267386909
2023-01-22,Laptop,South,Home Office,1888,1,1888,521.2239241578661
2023-01-23,Tablet,East,Consumer,1824,4,7296,1240.6384655850975
2023-01-23,Headphones,East,Home Office,944,4,3776,799.30688940048
2023-01-23,Tablet,South,Corporate,538,2,1076,213.61292244339288
2023-01-24,Phone,West,Corporate,1581,4,6324,782.6809004958574
2023-01-24,Laptop,East,Consumer,1524,3,4572,990.6323988048428
2023-01-24,Phone,North,Home Office,1892,1,1892,517.8779101068917
2023-01-24,Phone,North,Corporate,557,4,2228,658.552537996903
2023-01-24,Laptop,North,Home Office,1672,4,6688,1374.6530035138346
2023-01-24,Tablet,West,Consumer,1750,3,5250,1542.767662400054
2023-01-24,Phone,East,Consumer,1828,2,3656,580.9339739289911
2023-01-25,Laptop,South,Corporate,1782,4,7128,1763.6107662498082
2023-01-25,Tablet,West,Corporate,1235,4,4940,1373.5806184842252
2023-01-25,Headphones,West,Consumer,1531,2,3062,421.40539821483145
2023-01-26,Headphones,South,Corporate,1039,4,4156,715.1188431346189
2023-01-26,Headphones,West,Home Office,1001,3,3003,622.2794776262787
2023-01-26,Laptop,North,Consumer,1231,4,4924,652.545161866849
2023-01-26,Phone,East,Consumer,889,2,1778,325.9568489318032
2023-01-27,Tablet,North,Corporate,509,4,2036,560.5765570689828
2023-01-27,Tablet,North,Consumer,1642,4,6568,1151.322278731006
2023-01-27,Laptop,South,Home Office,676,3,2028,443.779418146826
2023-01-27,Tablet,North,Corporate,1326,3,3978,850.5612168682688
2023-01-27,Laptop,South,Consumer,1622,3,4866,752.6797624029633
2023-01-27,Headphones,East,Corporate,975,1,975,201.69752363074528
2023-01-27,Laptop,South,Home Office,1960,3,5880,1492.32920025228
2023-01-28,Phone,South,Home Office,1668,1,1668,317.1015235394472
2023-01-28,Phone,North,Home Office,1184,1,1184,167.47150728510778
2023-01-28,Laptop,North,Corporate,1871,3,5613,688.7797530033035
2023-01-28,Phone,South,Corporate,937,2,1874,498.99803447542547
2023-01-28,Phone,West,Consumer,1577,4,6308,1338.4793448890432
2023-01-28,Phone,East,Consumer,900,4,3600,705.633096253302
2023-01-28,Tablet,East,Consumer,1352,2,2704,651.1663385880601
2023-01-29,Tablet,South,Corporate,1305,2,2610,568.9370325381185
2023-01-29,Phone,East,Home Office,934,3,2802,687.2728970971879
2023-01-29,Laptop,South,Consumer,1483,3,4449,797.7437677094662
2023-01-29,Tablet,South,Home Office,580,1,580,150.39072597816977
2023-01-29,Phone,West,Consumer,1853,1,1853,281.00537030359396
2023-01-30,Phone,South,Consumer,1973,1,1973,279.82301015958166
2023-01-30,Tablet,West,Home Office,610,1,610,117.13453739599578
2023-01-30,Headphones,East,Home Office,1897,4,7588,1731.3915127133585
2023-01-30,Headphones,West,Consumer,1718,4,6872,1338.6128783772917
2023-01-30,Laptop,West,Corporate,560,2,1120,162.1421907630158
2023-01-30,Laptop,North,Corporate,1103,2,2206,298.6970256629007
2023-01-30,Laptop,South,Consumer,1144,1,1144,195.8508516014304
2023-01-31,Laptop,South,Corporate,1596,2,3192,829.5435986635329
2023-01-31,Laptop,South,Home Office,1579,2,3158,414.94710440354794
2023-01-31,Headphones,North,Consumer,1549,4,6196,1618.6446259195613
2023-01-31,Laptop,East,Consumer,1218,3,3654,636.141012719942
2023-02-01,Headphones,East,Corporate,1739,2,3478,867.740784565841
2023-02-01,Phone,East,Home Office,1530,3,4590,1280.799876996849
2023-02-01,Phone,East,Home Office,1797,2,3594,613.9606269660985
2023-02-01,Tablet,East,Consumer,984,4,3936,409.40004689062624
2023-02-02,Laptop,East,Corporate,1997,2,3994,495.0659908972179
2023-02-02,Laptop,North,Consumer,1917,3,5751,1321.3760309033707
2023-02-02,Phone,East,Home Office,1993,2,3986,843.2321344156886
2023-02-03,Headphones,East,Corporate,924,1,924,159.49760837446777
2023-02-03,Phone,West,Corporate,1966,4,7864,1570.043979176813
2023-02-03,Phone,North,Consumer,1812,1,1812,218.08596807763433
2023-02-04,Phone,East,Corporate,849,3,2547,283.0498874784432
2023-02-04,Laptop,East,Home Office,742,3,2226,405.30866737579726
2023-02-04,Headphones,West,Home Office,505,2,1010,217.35168039674332
2023-02-04,Tablet,West,Home Office,1145,2,2290,347.11949478658244
2023-02-04,Headphones,South,Home Office,1073,1,1073,261.4809303215244
2023-02-04,Tablet,West,Corporate,1958,1,1958,497.13343263796247
2023-02-05,Phone,West,Home Office,1223,1,1223,302.3860611326502
2023-02-05,Headphones,East,Consumer,589,2,1178,185.80135834340425
2023-02-05,Laptop,South,Home Office,1344,3,4032,882.1073298706896
2023-02-05,Phone,South,Corporate,760,3,2280,478.3084228293737
2023-02-06,Laptop,West,Corporate,820,3,2460,581.2993393341732
2023-02-06,Laptop,North,Home Office,1410,4,5640,1247.6829218309858
2023-02-06,Tablet,South,Home Office,817,4,3268,957.5415888116327
2023-02-06,Phone,North,Home Office,1660,2,3320,452.33875593399836
2023-02-07,Laptop,West,Corporate,1872,4,7488,1988.7242726370116
2023-02-07,Laptop,South,Corporate,1814,1,1814,249.0277292067387
2023-02-07,Tablet,East,Corporate,1933,2,3866,664.0477303242922
2023-02-07,Laptop,South,Consumer,901,4,3604,686.1645518163474
2023-02-07,Headphones,South,Home Office,921,1,921,229.80964782846544
2023-02-08,Laptop,North,Consumer,1506,3,4518,932.386418646234
2023-02-08,Laptop,West,Home Office,1562,3,4686,873.0281757474739
2023-02-08,Tablet,East,Home Office,1053,4,4212,561.653992218426
2023-02-09,Laptop,West,Corporate,1754,3,5262,1356.1197050926962
2023-02-09,Phone,North,Consumer,1520,1,1520,388.6858694714283
2023-02-09,Laptop,South,Corporate,1016,3,3048,764.8256739179271
2023-02-09,Phone,South,Consumer,1682,3,5046,1358.8396528184758
2023-02-09,Headphones,West,Home Office,1680,4,6720,873.4890223567519
2023-02-09,Tablet,West,Consumer,629,3,1887,430.6691166509112
2023-02-09,Tablet,West,Corporate,1806,1,1806,479.239736604639
2023-02-10,Headphones,South,Corporate,1211,3,3633,698.9934169278267
2023-02-10,Phone,East,Corporate,640,4,2560,515.0150035888465
2023-02-10,Laptop,North,Home Office,1327,3,3981,1140.2525765134521
2023-02-10,Headphones,West,Consumer,1387,1,1387,334.88799715853673
2023-02-11,Laptop,West,Home Office,1901,1,1901,351.35448122916716
2023-02-11,Laptop,South,Consumer,1278,3,3834,477.5713075193087
2023-02-11,Laptop,North,Corporate,919,2,1838,491.66161403731604
2023-02-11,Laptop,East,Corporate,1066,3,3198,697.9797687024567
2023-02-12,Tablet,North,Consumer,1660,2,3320,865.0946898690796
2023-02-12,Laptop,South,Consumer,1074,4,4296,891.3303020442632
2023-02-12,Tablet,South,Corporate,1733,3,5199,1286.7537977845163
2023-02-12,Laptop,West,Home Office,1454,4,5816,1643.3101752210025
2023-02-12,Phone,West,Consumer,1703,2,3406,363.67848395998055
2023-02-12,Laptop,North,Consumer,562,3,1686,381.79951788646565
2023-02-12,Headphones,South,Consumer,1572,3,4716,1391.7305689519758
2023-02-13,Laptop,West,Corporate,841,4,3364,696.3949068985655
2023-02-13,Headphones,North,Home Office,1664,2,3328,831.9736890976927
2023-02-13,Tablet,West,Home Office,1841,4,7364,1426.0118369284635
2023-02-14,Laptop,North,Corporate,1667,4,6668,1450.2281266065615
2023-02-14,Laptop,South,Home Office,1698,2,3396,695.7658709272923
2023-02-14,Headphones,North,Corporate,1745,2,3490,883.2186841842359
2023-02-15,Laptop,West,Consumer,554,3,1662,416.5790437764527
2023-02-15,Phone,South,Home Office,661,4,2644,687.8364791618608
2023-02-15,Tablet,West,Corporate,1914,1,1914,347.5764648256626
2023-02-15,Laptop,East,Home Office,942,3,2826,293.74039593876665
2023-02-15,Phone,North,Home Office,1752,3,5256,1458.4984592181943
2023-02-15,Headphones,East,Corporate,595,4,2380,581.7990595632937
2023-02-16,Headphones,West,Consumer,681,1,681,123.4506323868537
2023-02-16,Tablet,West,Corporate,506,2,1012,118.50692664494434
2023-02-16,Tablet,North,Home Office,1904,3,5712,1237.2666792517764
2023-02-16,Headphones,South,Corporate,1314,1,1314,221.2296000262018
2023-02-16,Phone,East,Corporate,1206,3,3618,386.5674609897349
2023-02-17,Laptop,North,Corporate,1779,2,3558,613.9385178442868
2023-02-17,Laptop,West,Home Office,1353,4,5412,692.8585014496083
2023-02-17,Phone,South,Home Office,627,4,2508,464.08709384176746
2023-02-17,Tablet,North,Corporate,1020,4,4080,978.258216179298
2023-02-17,Laptop,East,Consumer,1801,3,5403,995.9932716782763
2023-02-17,Phone,South,Consumer,1632,2,3264,504.162222751844
2023-02-18,Phone,South,Consumer,541,4,2164,431.97367811956326
2023-02-18,Phone,North,Consumer,1676,2,3352,891.458905205308
2023-02-18,Tablet,North,Corporate,841,1,841,128.45161560314247
2023-02-18,Tablet,South,Home Office,667,2,1334,293.6178983636987
2023-02-18,Laptop,North,Home Office,1405,1,1405,376.0080566531011
2023-02-19,Headphones,South,Corporate,629,4,2516,733.9811956240125
2023-02-19,Laptop,East,Consumer,1815,3,5445,811.6851804429585
2023-02-19,Laptop,East,Home Office,1175,1,1175,287.0602223636478
2023-02-19,Headphones,East,Corporate,597,3,1791,416.8270114329006
2023-02-19,Phone,South,Consumer,1835,1,1835,282.5574186179355
2023-02-19,Tablet,West,Home Office,1767,3,5301,1427.4616018432935
2023-02-19,Tablet,North,Home Office,981,1,981,249.35297437493028
2023-02-20,Laptop,North,Consumer,1740,1,1740,413.56403395685214
2023-02-20,Phone,North,Home Office,630,2,1260,327.4528015001828
2023-02-20,Headphones,East,Corporate,601,2,1202,144.98373654170427
2023-02-20,Laptop,West,Home Office,1316,1,1316,339.5315686740165
2023-02-20,Laptop,East,Consumer,511,2,1022,298.05011009000333
2023-02-20,Tablet,West,Home Office,1160,1,1160,268.83774107688646
2023-02-20,Phone,West,Corporate,1723,1,1723,483.59916983437415
2023-02-21,Tablet,East,Corporate,988,1,988,231.17569099508773
2023-02-21,Headphones,South,Home Office,900,3,2700,570.135553976077
2023-02-21,Phone,South,Home Office,834,1,834,205.33474839924136
2023-02-21,Tablet,West,Corporate,1326,3,3978,1030.573966280258
2023-02-21,Tablet,South,Home Office,1494,2,2988,611.0069026601305
2023-02-21,Tablet,North,Corporate,1682,4,6728,982.2998914543333
2023-02-22,Laptop,South,Home Office,1304,3,3912,657.118171652135
2023-02-22,Tablet,East,Home Office,996,4,3984,1028.448217743686
2023-02-22,Laptop,North,Corporate,1684,4,6736,1248.6079387254333
2023-02-22,Headphones,South,Corporate,810,3,2430,665.868052715852
2023-02-22,Phone,East,Home Office,1664,2,3328,957.8434601301836
2023-02-22,Tablet,East,Home Office,1313,4,5252,580.539101310481
2023-02-23,Laptop,South,Consumer,1247,1,1247,269.54084748249556
2023-02-23,Headphones,East,Consumer,765,2,1530,280.83663534320414
2023-02-23,Tablet,West,Consumer,1076,2,2152,216.6402742232983
2023-02-24,Phone,West,Corporate,823,2,1646,241.50367164563033
2023-02-24,Laptop,West,Consumer,1448,2,2896,315.7223122460112
2023-02-24,Tablet,North,Consumer,1867,4,7468,1072.7840069152599
2023-02-24,Phone,North,Consumer,1438,4,5752,1055.5849244629815
2023-02-24,Headphones,East,Corporate,1867,3,5601,1572.451588029738
2023-02-24,Phone,North,Home Office,1063,4,4252,622.2136148564803
2023-02-24,Headphones,North,Home Office,1833,1,1833,487.81354700737893
2023-02-25,Tablet,South,Consumer,717,1,717,98.43524679148611
2023-02-25,Tablet,West,Corporate,553,3,1659,237.67631084352846
2023-02-25,Laptop,East,Corporate,918,2,1836,363.96362436695966
2023-02-25,Laptop,West,Home Office,659,3,1977,286.4438021042156
2023-02-26,Tablet,North,Consumer,1079,2,2158,587.0307339659759
2023-02-26,Tablet,North,Home Office,1134,4,4536,886.0412186613102
2023-02-26,Tablet,North,Corporate,1855,2,3710,971.6609274458594
2023-02-26,Headphones,North,Consumer,1918,3,5754,899.2247174326179
2023-02-26,Headphones,East,Corporate,827,3,2481,607.0610604122758
2023-02-26,Phone,South,Corporate,536,4,2144,261.3402471913498
2023-02-26,Headphones,North,Consumer,1092,2,2184,434.68000299970396
2023-02-27,Tablet,South,Home Office,1563,2,3126,652.5705732799739
2023-02-27,Laptop,North,Consumer,1785,4,7140,1852.7243588546933
2023-02-27,Headphones,West,Consumer,1070,3,3210,423.97686762190625
2023-02-27,Laptop,East,Consumer,1868,1,1868,440.9005923296482
2023-02-27,Tablet,East,Corporate,1199,3,3597,993.94975331499
2023-02-27,Laptop,South,Consumer,1554,3,4662,470.99735721169606
2023-02-27,Headphones,East,Consumer,581,4,2324,490.9132704464791
2023-02-28,Laptop,West,Home Office,1747,1,1747,390.25426528048433
2023-02-28,Laptop,North,Consumer,859,3,2577,451.84878956799605
2023-02-28,Headphones,West,Consumer,1174,4,4696,570.0762159862794
2023-02-28,Phone,East,Corporate,1756,4,7024,1882.6026870508642
2023-02-28,Headphones,West,Home Office,1745,1,1745,210.27589506874708
2023-02-28,Headphones,West,Corporate,1847,3,5541,738.4796418383442
2023-02-28,Headphones,South,Consumer,1385,1,1385,154.54396757478713
2023-03-01,Phone,South,Corporate,1203,3,3609,1060.236035945212
2023-03-01,Headphones,East,Home Office,1447,1,1447,255.71738816138694
2023-03-01,Laptop,East,Consumer,1378,3,4134,1090.371969927645
2023-03-01,Tablet,South,Home Office,1953,2,3906,1169.5536595232038
2023-03-01,Laptop,East,Consumer,538,3,1614,417.9645223364772
2023-03-02,Tablet,West,Corporate,1473,4,5892,1360.4760149088897
2023-03-02,Tablet,East,Consumer,1905,4,7620,809.7047261512148
2023-03-02,Laptop,North,Home Office,1368,3,4104,1202.078403639387
2023-03-02,Tablet,North,Consumer,1910,3,5730,1042.0967712370393
2023-03-02,Headphones,South,Home Office,1685,1,1685,236.02103137591615
2023-03-02,Laptop,North,Corporate,1794,4,7176,1396.7508580837227
2023-03-02,Headphones,West,Corporate,1484,1,1484,175.4576207525577
2023-03-03,Phone,South,Home Office,886,1,886,111.85659232531908
2023-03-03,Laptop,West,Corporate,1398,4,5592,1450.0473062277556
2023-03-03,Laptop,South,Corporate,954,1,954,211.27407032851767
2023-03-03,Headphones,West,Consumer,1516,4,6064,684.2725988847226
2023-03-03,Phone,North,Consumer,885,4,3540,660.7386982719322
2023-03-04,Laptop,West,Consumer,773,2,1546,275.95900764094694
2023-03-04,Phone,East,Home Office,665,4,2660,615.5154122243104
2023-03-04,Laptop,North,Corporate,1948,4,7792,1907.9262241842002
2023-03-04,Tablet,West,Consumer,900,4,3600,1070.3970671523452
2023-03-04,Headphones,East,Corporate,1609,4,6436,1547.8129100843705
2023-03-04,Phone,West,Corporate,501,1,501,58.9042232143123
2023-03-04,Laptop,South,Consumer,1088,4,4352,746.6302958479674
2023-03-05,Phone,East,Corporate,621,2,1242,328.2458768376508
2023-03-05,Phone,East,Consumer,816,3,2448,683.5899497945948
2023-03-05,Laptop,South,Consumer,1882,3,5646,1175.8318218219688
2023-03-05,Phone,West,Corporate,1841,4,7364,1236.3422435770447
2023-03-06,Tablet,East,Home Office,1607,4,6428,1346.7847587832432
2023-03-06,Phone,South,Corporate,1394,3,4182,452.28673433574426
2023-03-06,Headphones,South,Corporate,1470,2,2940,329.48702538645153
2023-03-06,Tablet,West,Consumer,1824,3,5472,787.1077877646437
2023-03-06,Tablet,South,Consumer,808,3,2424,263.5671716565287
2023-03-07,Phone,South,Corporate,1161,1,1161,347.44873530837543
2023-03-07,Laptop,East,Home Office,1423,2,2846,514.1363667516852
2023-03-07,Laptop,North,Corporate,1730,1,1730,463.796532571819
2023-03-07,Laptop,South,Consumer,658,2,1316,327.080356379835
2023-03-07,Headphones,North,Corporate,1031,4,4124,445.4820610770156
2023-03-07,Laptop,East,Consumer,919,2,1838,450.4047159686042
2023-03-08,Phone,East,Corporate,1431,2,2862,661.1273455474989
2023-03-08,Tablet,East,Corporate,1769,1,1769,251.43228247020485
2023-03-08,Laptop,South,Consumer,1410,1,1410,178.10208720588724
2023-03-08,Headphones,West,Corporate,1821,4,7284,1271.5658946568399
2023-03-08,Phone,East,Consumer,1336,2,2672,530.2732864858298
2023-03-08,Phone,South,Consumer,513,4,2052,442.9918746905727
2023-03-09,Phone,East,Corporate,1668,3,5004,812.7977751418042
2023-03-09,Headphones,South,Home Office,1752,1,1752,289.14659850433304
2023-03-09,Headphones,West,Consumer,1418,3,4254,625.0606717529276
2023-03-09,Phone,East,Corporate,769,4,3076,627.364933151662
2023-03-09,Phone,West,Corporate,1884,1,1884,357.74666910853637
2023-03-09,Headphones,East,Consumer,812,4,3248,558.1692858463931
2023-03-10,Laptop,East,Consumer,1186,1,1186,245.14902868108777
2023-03-10,Laptop,North,Home Office,1119,3,3357,410.8428324636345
2023-03-10,Phone,South,Corporate,1468,3,4404,643.9801076662711
2023-03-10,Phone,North,Consumer,618,3,1854,353.0753996874978
2023-03-10,Laptop,East,Consumer,1684,1,1684,365.3170919090639
2023-03-10,Headphones,South,Consumer,741,4,2964,703.041673890713
2023-03-11,Laptop,South,Consumer,1708,3,5124,978.4174040535787
2023-03-11,Tablet,East,Corporate,1418,4,5672,1170.9787153245536
2023-03-11,Tablet,West,Corporate,807,4,3228,929.5476576679691
2023-03-11,Headphones,East,Corporate,1864,1,1864,458.8532282318627
2023-03-12,Headphones,South,Consumer,585,3,1755,418.61170923138377
2023-03-12,Tablet,East,Corporate,926,2,1852,191.68792301530786
2023-03-12,Phone,North,Corporate,802,4,3208,813.8820242784645
2023-03-12,Tablet,West,Consumer,1313,4,5252,1235.8096604204197
2023-03-12,Tablet,East,Corporate,1576,4,6304,1451.4745374539132
2023-03-12,Phone,South,Corporate,1509,4,6036,661.8015733124632
2023-03-12,Laptop,North,Consumer,1612,4,6448,1615.1308426690423
2023-03-13,Laptop,East,Consumer,1470,4,5880,1353.0016978030576
2023-03-13,Phone,South,Corporate,518,2,1036,290.36503459472567
2023-03-13,Laptop,North,Home Office,1350,1,1350,355.81523836725586
2023-03-13,Headphones,South,Corporate,954,1,954,158.05513828047347
2023-03-13,Laptop,West,Corporate,1210,3,3630,867.9091920568399
2023-03-13,Headphones,North,Consumer,1940,1,1940,405.7265127362437
2023-03-13,Tablet,West,Corporate,1790,3,5370,717.9092696432809
2023-03-14,Phone,South,Consumer,1526,1,1526,416.08942984932105
2023-03-14,Headphones,South,Corporate,1128,1,1128,189.78550991246087
2023-03-14,Headphones,North,Corporate,803,1,803,119.81878720295852
2023-03-14,Headphones,East,Home Office,1443,3,4329,1136.7830525803936
2023-03-15,Headphones,East,Home Office,1504,1,1504,209.29001809361066
2023-03-15,Tablet,West,Home Office,1640,4,6560,1908.5139594036993
2023-03-15,Headphones,East,Home Office,823,1,823,161.17355956641654
2023-03-15,Tablet,South,Corporate,1463,4,5852,1197.4183616505209
2023-03-16,Laptop,East,Home Office,1667,2,3334,740.3705667117204
2023-03-16,Phone,South,Consumer,1088,4,4352,1151.6906631744625
2023-03-16,Phone,East,Home Office,1874,4,7496,1021.6123708652839
2023-03-16,Laptop,East,Home Office,1458,4,5832,1508.6302259036374
2023-03-16,Laptop,South,Corporate,1908,4,7632,829.464890149596
2023-03-17,Tablet,East,Consumer,1386,2,2772,731.3583036662126
2023-03-17,Phone,West,Consumer,1549,1,1549,355.21851197840203
2023-03-17,Headphones,South,Consumer,1181,4,4724,1199.8437527977862
2023-03-17,Laptop,South,Home Office,1816,4,7264,1125.6382084443321
2023-03-18,Headphones,West,Home Office,1725,1,1725,205.45968327296052
2023-03-18,Headphones,South,Consumer,1962,2,3924,512.461686890256
2023-03-18,Laptop,East,Corporate,1172,3,3516,728.0638172157591
2023-03-18,Phone,West,Consumer,918,4,3672,518.6231192223323
2023-03-18,Tablet,South,Consumer,1089,1,1089,238.3769458035485
2023-03-19,Phone,West,Home Office,762,1,762,179.1982057513161
2023-03-19,Phone,South,Consumer,1690,1,1690,403.04341914763694
2023-03-19,Tablet,West,Corporate,1741,2,3482,750.9886490032633
2023-03-20,Phone,West,Consumer,852,4,3408,471.5767685282952
2023-03-20,Headphones,North,Home Office,1593,1,1593,355.9258325898531
2023-03-20,Laptop,North,Corporate,1455,1,1455,165.85009726144534
2023-03-20,Headphones,North,Corporate,566,2,1132,165.45972842446835
2023-03-20,Phone,East,Corporate,1653,3,4959,871.272916813285
2023-03-20,Phone,North,Home Office,853,3,2559,493.99223236680695
2023-03-20,Headphones,South,Corporate,952,1,952,216.09639268053272
2023-03-21,Tablet,West,Corporate,945,2,1890,359.240213905594
2023-03-21,Headphones,West,Consumer,1923,4,7692,2278.734038291277
2023-03-21,Tablet,West,Corporate,736,3,2208,397.1379084213905
2023-03-22,Headphones,West,Consumer,785,1,785,93.08987566756421
2023-03-22,Phone,South,Home Office,1299,1,1299,287.98477000901374
2023-03-22,Headphones,South,Corporate,1008,2,2016,249.03608828053885
2023-03-22,Tablet,South,Consumer,860,1,860,145.5673441973086
2023-03-22,Laptop,North,Consumer,1334,4,5336,832.0996162567627
2023-03-22,Phone,West,Corporate,810,2,1620,459.8829993214712
2023-03-22,Tablet,East,Corporate,1839,1,1839,327.72552825279655
2023-03-23,Tablet,North,Corporate,1177,2,2354,531.038884845357
2023-03-23,Phone,West,Corporate,1985,2,3970,509.17477112475154
2023-03-23,Tablet,West,Corporate,572,3,1716,309.90279735220344
2023-03-23,Phone,East,Corporate,1430,2,2860,833.5886918757038
2023-03-23,Phone,West,Corporate,1292,1,1292,351.9445422192457
2023-03-23,Headphones,East,Corporate,1332,2,2664,744.9937950215538
2023-03-24,Headphones,East,Home Office,1401,1,1401,326.7991894109781
2023-03-24,Phone,West,Consumer,1493,4,5972,758.6426157665203
2023-03-24,Headphones,North,Consumer,1042,2,2084,573.5606442748641
2023-03-24,Laptop,West,Home Office,889,4,3556,509.24635540082727
2023-03-24,Phone,South,Home Office,966,3,2898,325.35824387334327
2023-03-24,Tablet,South,Corporate,844,2,1688,332.4014957775687
2023-03-24,Phone,North,Home Office,1579,3,4737,1405.6374137945581
2023-03-25,Laptop,East,Consumer,1852,4,7408,1190.1324586361497
2023-03-25,Tablet,East,Consumer,1783,4,7132,2134.8883923358862
2023-03-25,Laptop,North,Home Office,1903,4,7612,1025.720951636277
2023-03-25,Headphones,West,Corporate,1754,2,3508,442.50640032092394
2023-03-25,Headphones,East,Corporate,1267,1,1267,216.46346332870587
2023-03-26,Headphones,South,Corporate,954,1,954,169.25462747203838
2023-03-26,Laptop,South,Home Office,885,2,1770,347.39582967890453
2023-03-26,Phone,South,Home Office,1160,2,2320,547.9723198385454
2023-03-26,Headphones,East,Consumer,564,1,564,57.76722337983116
2023-03-26,Phone,North,Consumer,837,1,837,244.333130259341
2023-03-27,Laptop,East,Consumer,1199,3,3597,686.5790544824358
2023-03-27,Headphones,West,Home Office,1128,2,2256,282.99253292457723
2023-03-27,Phone,West,Corporate,1243,3,3729,653.2374830617148
2023-03-27,Headphones,North,Corporate,1053,1,1053,306.68039335066845
2023-03-27,Laptop,North,Consumer,1643,1,1643,474.1143130683978
2023-03-27,Phone,West,Consumer,1620,2,3240,926.8466373749096
2023-03-28,Headphones,North,Home Office,1258,2,2516,446.0107714356723
2023-03-28,Phone,West,Consumer,578,1,578,65.50497588881576
2023-03-28,Headphones,North,Home Office,1080,4,4320,1285.8698341441134
2023-03-28,Tablet,North,Consumer,1723,1,1723,429.44302092824154
2023-03-28,Laptop,North,Home Office,907,3,2721,278.68943222282576
2023-03-28,Laptop,West,Consumer,731,2,1462,281.27328428258744
2023-03-29,Tablet,West,Home Office,1734,3,5202,1335.7099209090877
2023-03-29,Tablet,East,Corporate,1784,1,1784,413.99601038943746
2023-03-29,Headphones,West,Corporate,1491,4,5964,1750.8634495631522
2023-03-29,Tablet,West,Consumer,828,2,1656,386.62645183297707
2023-03-29,Tablet,North,Corporate,1335,2,2670,303.9817995566492
2023-03-29,Laptop,South,Home Office,689,3,2067,607.0732606575183
2023-03-30,Headphones,West,Home Office,1269,2,2538,500.5014693113993
2023-03-30,Headphones,East,Corporate,1022,2,2044,342.68375645055096
2023-03-30,Headphones,South,Home Office,987,3,2961,621.86444713932
2023-03-30,Phone,North,Corporate,1289,4,5156,763.802324441679
2023-03-30,Laptop,West,Home Office,1185,1,1185,271.5571625992838
2023-03-30,Tablet,South,Corporate,538,1,538,81.60724234339963
2023-03-30,Tablet,South,Consumer,1920,2,3840,737.6943339065394
2023-03-31,Headphones,East,Corporate,1161,3,3483,535.9161823971907
2023-03-31,Headphones,North,Consumer,1989,2,3978,502.60341216044947
2023-03-31,Tablet,West,Home Office,1986,3,5958,775.34564994709
2023-03-31,Headphones,North,Corporate,920,1,920,228.7899766380961
2023-03-31,Tablet,East,Corporate,518,3,1554,369.5055518771682
2023-03-31,Tablet,West,Home Office,1804,4,7216,1347.6608992860868
2023-04-01,Phone,West,Consumer,1784,3,5352,1596.8333719243583
2023-04-01,Headphones,East,Corporate,972,2,1944,483.02492206259154
2023-04-01,Phone,East,Home Office,1422,2,2844,486.5427426684486
2023-04-01,Laptop,North,Corporate,733,2,1466,392.8774390187359
2023-04-02,Laptop,South,Corporate,1941,1,1941,336.93459965546924
2023-04-02,Tablet,West,Home Office,1514,2,3028,833.6997013631582
2023-04-02,Laptop,South,Home Office,1904,4,7616,1861.458453070409
2023-04-02,Headphones,South,Home Office,1677,1,1677,390.0842883094651
2023-04-02,Phone,West,Home Office,904,2,1808,404.8435044254784
2023-04-02,Headphones,West,Consumer,1440,4,5760,1039.4808476389123
2023-04-03,Laptop,South,Home Office,835,2,1670,354.5358523784809
2023-04-03,Headphones,West,Corporate,1035,2,2070,455.1387517844546
2023-04-03,Tablet,East,Home Office,1842,2,3684,478.18300559476256
2023-04-03,Headphones,North,Corporate,1837,2,3674,521.5918978204896
2023-04-03,Headphones,West,Home Office,931,1,931,120.55566047271006
2023-04-03,Tablet,North,Home Office,980,2,1960,341.5974247342339
2023-04-04,Tablet,West,Home Office,1826,3,5478,1351.5495033943575
2023-04-04,Phone,North,Consumer,900,2,1800,409.0238512949638
2023-04-04,Headphones,East,Home Office,898,2,1796,535.6126143102123
2023-04-05,Tablet,East,Consumer,1101,4,4404,619.1463525599738
2023-04-05,Headphones,North,Corporate,549,3,1647,173.32919579046217
2023-04-05,Laptop,South,Corporate,1209,1,1209,345.68137195134045
2023-04-05,Tablet,North,Home Office,1949,3,5847,1087.1406768169109
2023-04-05,Tablet,North,Consumer,548,1,548,105.01728278647303
2023-04-05,Laptop,West,Corporate,1783,2,3566,875.7663137336893
2023-04-06,Tablet,North,Consumer,1111,2,2222,247.65534357889584
2023-04-06,Phone,West,Consumer,1484,4,5936,609.5115981002671
2023-04-06,Headphones,West,Corporate,913,2,1826,278.17491570035287
2023-04-06,Tablet,East,Corporate,1131,2,2262,349.23005610059266
2023-04-07,Laptop,North,Corporate,1340,1,1340,362.62801907217835
2023-04-07,Tablet,West,Corporate,749,3,2247,287.2768697802473
2023-04-07,Headphones,South,Consumer,1593,3,4779,704.2184428398222
2023-04-07,Headphones,West,Home Office,1671,4,6684,1417.2328276517903
2023-04-08,Phone,South,Corporate,1836,1,1836,543.932291630589
2023-04-08,Phone,North,Home Office,1483,1,1483,285.9023755517605
2023-04-08,Laptop,North,Consumer,944,1,944,98.5602382641688
2023-04-08,Laptop,West,Home Office,989,1,989,267.15185624097705
2023-04-08,Tablet,North,Consumer,1072,2,2144,387.6257133688239
2023-04-08,Tablet,North,Home Office,676,1,676,150.46410174853554
2023-04-08,Phone,South,Corporate,1341,1,1341,171.90537210133851
2023-04-09,Phone,South,Corporate,1667,4,6668,1280.4723959217831
2023-04-09,Tablet,South,Home Office,1817,4,7268,1244.2428961481978
2023-04-09,Tablet,West,Home Office,1060,4,4240,712.1312958844786
2023-04-10,Headphones,South,Home Office,1591,2,3182,798.1141277532066
2023-04-10,Tablet,West,Consumer,578,2,1156,152.9665003692935
2023-04-10,Phone,East,Consumer,1500,4,6000,1781.9875873690498
2023-04-10,Phone,North,Home Office,565,1,565,67.13916584420386
2023-04-10,Tablet,West,Consumer,1511,3,4533,548.9224563806813
2023-04-10,Headphones,East,Consumer,878,2,1756,208.40487975772382
2023-04-10,Laptop,East,Home Office,1003,4,4012,821.1196960706603
2023-04-11,Headphones,North,Consumer,1595,3,4785,1093.5396473925093
2023-04-11,Tablet,West,Corporate,1627,2,3254,428.19699870124447
2023-04-11,Headphones,South,Corporate,1274,4,5096,1383.237098733129
2023-04-11,Tablet,East,Corporate,539,2,1078,138.13740544731232
2023-04-11,Laptop,East,Consumer,1427,4,5708,1507.342962503748
2023-04-11,Laptop,West,Corporate,1465,2,2930,341.9099538037786
2023-04-12,Headphones,East,Corporate,1539,1,1539,282.48682942087567
2023-04-12,Tablet,North,Consumer,1169,1,1169,192.4200181826968
2023-04-12,Headphones,South,Corporate,746,4,2984,305.924167921533
2023-04-13,Tablet,North,Consumer,1429,2,2858,331.1888037819557
2023-04-13,Laptop,East,Consumer,1999,1,1999,318.43661455706945
2023-04-13,Phone,South,Corporate,710,4,2840,462.5508642883691
2023-04-14,Phone,East,Consumer,1224,4,4896,973.5328283474936
2023-04-14,Tablet,West,Corporate,1485,4,5940,1439.8726561529675
2023-04-14,Headphones,South,Corporate,1940,1,1940,357.00606640491725
2023-04-14,Phone,North,Home Office,1442,2,2884,720.3230311604351
2023-04-14,Laptop,East,Corporate,772,1,772,201.6766440269853
2023-04-15,Tablet,North,Consumer,771,2,1542,254.46207835913594
2023-04-15,Headphones,West,Home Office,953,1,953,220.19682728723006
2023-04-15,Laptop,West,Home Office,1354,4,5416,1237.9696849755921
2023-04-15,Headphones,South,Consumer,642,3,1926,218.98828263271253
2023-04-15,Laptop,North,Consumer,1825,4,7300,2099.9250349347844
2023-04-16,Laptop,East,Consumer,1344,3,4032,613.0953219412248
2023-04-16,Laptop,South,Home Office,718,3,2154,288.2401251093616
2023-04-16,Phone,West,Corporate,1049,2,2098,572.5708905557123
2023-04-16,Headphones,South,Home Office,1095,1,1095,118.70340386253775
2023-04-16,Headphones,South,Corporate,1113,3,3339,419.0137541025919
2023-04-16,Laptop,East,Corporate,1446,3,4338,1087.9373475605696
2023-04-17,Headphones,West,Consumer,1850,2,3700,907.7365341320392
2023-04-17,Tablet,West,Home Office,1132,4,4528,1027.9366943118414
2023-04-17,Headphones,South,Corporate,1960,1,1960,222.7896467286461
2023-04-18,Phone,North,Consumer,1899,4,7596,1217.2821841465927
2023-04-18,Tablet,North,Home Office,1500,3,4500,1107.2215323811313
2023-04-18,Laptop,West,Home Office,567,4,2268,613.3868934238399
2023-04-19,Laptop,South,Corporate,1650,3,4950,573.1794705689204
2023-04-19,Laptop,South,Consumer,931,2,1862,346.02759778080326
2023-04-19,Tablet,West,Corporate,1992,3,5976,1385.0277238314122
2023-04-20,Laptop,East,Consumer,1512,1,1512,310.03250267409646
2023-04-20,Laptop,West,Home Office,1476,2,2952,814.1491427266506
2023-04-20,Laptop,West,Consumer,842,3,2526,294.1310085871921
2023-04-20,Phone,West,Corporate,1058,3,3174,699.5009940084055
2023-04-20,Phone,West,Consumer,905,4,3620,1048.4304238041243
2023-04-20,Phone,West,Consumer,678,4,2712,638.0936589323439
2023-04-21,Headphones,West,Corporate,575,1,575,169.13811374460002
2023-04-21,Headphones,South,Corporate,846,3,2538,753.1973428054202
2023-04-21,Headphones,East,Corporate,1785,2,3570,538.6355887210788
2023-04-21,Laptop,North,Corporate,1229,3,3687,471.95376953581643
2023-04-21,Headphones,South,Consumer,940,1,940,182.9186130659559
2023-04-21,Tablet,West,Corporate,1814,4,7256,1132.9274823567819
2023-04-22,Laptop,North,Corporate,548,2,1096,120.44971028581173
2023-04-22,Headphones,East,Consumer,1101,3,3303,860.4880999304245
2023-04-22,Laptop,West,Corporate,1117,3,3351,364.84868490890665
2023-04-23,Laptop,West,Consumer,1316,1,1316,346.9519952145387
2023-04-23,Laptop,East,Home Office,682,1,682,72.24674562603052
2023-04-23,Headphones,East,Corporate,1406,1,1406,401.9547864858396
2023-04-24,Laptop,West,Home Office,1855,4,7420,2088.8947277939274
2023-04-24,Laptop,North,Consumer,1763,1,1763,466.76848947642844
2023-04-24,Tablet,West,Corporate,1976,4,7904,2154.4414990039418
2023-04-24,Phone,East,Corporate,1504,3,4512,504.9150895938292
2023-04-24,Tablet,West,Corporate,1847,2,3694,960.7021846224927
2023-04-24,Headphones,South,Consumer,911,4,3644,911.8585612427751
2023-04-24,Laptop,West,Corporate,1154,1,1154,332.7502942416479
2023-04-25,Laptop,South,Corporate,1789,2,3578,812.9903308106684
2023-04-25,Phone,North,Consumer,1270,4,5080,1156.083126146252
2023-04-25,Laptop,South,Consumer,886,4,3544,1057.0073751087991
2023-04-25,Phone,North,Consumer,767,3,2301,436.6621835847007
2023-04-25,Tablet,North,Home Office,1485,1,1485,185.03197865175247
2023-04-25,Laptop,East,Home Office,1420,3,4260,1121.84816857988
2023-04-25,Phone,West,Consumer,1961,3,5883,1094.1569056572482
2023-04-26,Laptop,East,Consumer,1553,4,6212,902.3291640453616
2023-04-26,Headphones,East,Home Office,1679,4,6716,1902.8244487819093
2023-04-26,Tablet,East,Home Office,1059,4,4236,738.057277136358
2023-04-26,Laptop,South,Consumer,1178,2,2356,314.2245270404523
2023-04-26,Laptop,East,Consumer,1332,1,1332,385.38607721588073
2023-04-27,Laptop,South,Corporate,1942,3,5826,1032.2209707733891
2023-04-27,Tablet,South,Home Office,1316,1,1316,309.81815237825447
2023-04-27,Laptop,West,Corporate,1963,4,7852,1664.1347337735008
2023-04-27,Tablet,West,Consumer,1957,1,1957,285.12971267981726
2023-04-27,Headphones,East,Home Office,574,1,574,101.50693065076987
2023-04-28,Phone,South,Home Office,947,3,2841,375.0261688983869
2023-04-28,Phone,South,Home Office,624,3,1872,369.85148822883696
2023-04-28,Phone,North,Corporate,624,1,624,181.69866985362384
2023-04-28,Laptop,East,Home Office,1145,4,4580,1369.2899033223384
2023-04-28,Laptop,North,Consumer,576,3,1728,504.9684237568642
2023-04-29,Laptop,North,Corporate,567,1,567,74.18004789644043
2023-04-29,Laptop,North,Corporate,864,2,1728,258.13120665631754
2023-04-29,Tablet,East,Home Office,1877,4,7508,1815.4550083894069
2023-04-29,Phone,North,Consumer,1441,3,4323,665.9561546162752
2023-04-29,Headphones,East,Home Office,1335,3,4005,532.8588824045252
2023-04-29,Tablet,West,Consumer,982,1,982,221.19242072709693
2023-04-30,Headphones,East,Consumer,772,3,2316,639.361797827383
2023-04-30,Headphones,South,Consumer,1261,3,3783,530.612740778453
2023-04-30,Laptop,West,Consumer,1156,1,1156,241.14728381101173
2023-04-30,Tablet,East,Home Office,1640,2,3280,801.7259624590743
2023-04-30,Laptop,East,Corporate,894,3,2682,335.15388461181743
2023-05-01,Headphones,West,Consumer,1057,2,2114,610.5409972693782
2023-05-01,Laptop,East,Home Office,1165,4,4660,553.3026960979083
2023-05-01,Headphones,West,Corporate,1522,3,4566,799.3512719121804
2023-05-02,Laptop,South,Home Office,898,3,2694,544.8752190337647
2023-05-02,Laptop,East,Corporate,1988,3,5964,1663.3030097799442
2023-05-02,Tablet,South,Home Office,1271,3,3813,1110.3815517184603
2023-05-02,Headphones,East,Consumer,615,1,615,115.51542744595105
2023-05-02,Laptop,North,Home Office,1846,3,5538,587.9030590039121
2023-05-03,Tablet,East,Corporate,979,2,1958,465.1119518158076
2023-05-03,Tablet,East,Corporate,1405,2,2810,636.4897898007953
2023-05-03,Laptop,West,Corporate,1195,2,2390,696.66015310021
2023-05-03,Tablet,East,Home Office,1893,4,7572,2263.495902778461
2023-05-03,Headphones,East,Corporate,1146,3,3438,851.1590809629081
2023-05-03,Laptop,North,Consumer,1410,1,1410,142.59775969733798
2023-05-03,Headphones,North,Consumer,1650,1,1650,444.15407509365156
2023-05-04,Tablet,West,Home Office,1788,2,3576,413.13480415713195
2023-05-04,Headphones,West,Corporate,1881,3,5643,957.9788546379543
2023-05-04,Tablet,South,Consumer,1813,1,1813,527.6247741639709
2023-05-04,Tablet,South,Corporate,1435,1,1435,287.1791649362099
2023-05-05,Headphones,West,Corporate,1711,2,3422,392.0940161257932
2023-05-05,Laptop,West,Home Office,1007,2,2014,314.5886121604299
2023-05-05,Headphones,East,Corporate,1131,2,2262,346.61440886202917
2023-05-05,Phone,North,Home Office,820,1,820,187.0380709168384
2023-05-06,Laptop,North,Home Office,1576,3,4728,1085.3761769286436
2023-05-06,Phone,East,Consumer,682,3,2046,559.3491752495908
2023-05-06,Phone,South,Corporate,1159,4,4636,951.5653884255815
2023-05-06,Phone,West,Corporate,1511,1,1511,394.05626098237155
2023-05-06,Phone,South,Home Office,759,1,759,215.06897864861446
2023-05-06,Headphones,South,Home Office,1813,2,3626,960.0038709413651
2023-05-06,Tablet,East,Consumer,1964,3,5892,811.9641759389234
2023-05-07,Phone,South,Corporate,793,1,793,89.24257398922794
2023-05-07,Phone,West,Consumer,889,1,889,256.1117443198915
2023-05-07,Headphones,North,Home Office,1132,1,1132,142.61613491488276
2023-05-07,Laptop,East,Corporate,927,4,3708,955.8723210690868
2023-05-07,Tablet,East,Consumer,1606,1,1606,281.79314804371114
2023-05-07,Headphones,West,Home Office,1944,1,1944,461.51309081646076
2023-05-07,Phone,North,Consumer,1131,3,3393,342.26091478469976
2023-05-08,Laptop,East,Consumer,1624,1,1624,252.83711979974112
2023-05-08,Tablet,North,Home Office,1292,2,2584,397.40267872849546
2023-05-08,Headphones,East,Home Office,1816,2,3632,439.33257841423637
2023-05-08,Phone,West,Home Office,1039,4,4156,775.2844578595784
2023-05-08,Tablet,West,Corporate,726,4,2904,292.07343096738896
2023-05-08,Tablet,North,Consumer,709,1,709,187.4851079505688
2023-05-08,Tablet,South,Consumer,828,2,1656,322.0197335387795
2023-05-09,Headphones,North,Home Office,1696,1,1696,269.7662611923657
2023-05-09,Headphones,West,Home Office,773,3,2319,378.28796203744173
2023-05-09,Headphones,West,Consumer,1039,4,4156,804.7297222494163
2023-05-10,Headphones,North,Home Office,726,1,726,81.0349514420668
2023-05-10,Phone,South,Corporate,1064,4,4256,510.6066381511149
2023-05-10,Phone,South,Consumer,1625,4,6500,1739.7449674094166
2023-05-11,Headphones,South,Corporate,1174,1,1174,290.2598598042669
2023-05-11,Phone,North,Corporate,1383,4,5532,1355.1812308421347
2023-05-11,Laptop,West,Corporate,1711,2,3422,805.9099278489076
2023-05-12,Tablet,West,Home Office,964,4,3856,487.0268874459107
2023-05-12,Headphones,East,Corporate,674,2,1348,233.94099225705764
2023-05-12,Laptop,South,Home Office,1164,1,1164,288.44538265303675
2023-05-12,Tablet,West,Consumer,511,4,2044,436.6362190437202
2023-05-12,Laptop,West,Consumer,1751,3,5253,1235.0644446029428
2023-05-12,Headphones,East,Consumer,1482,1,1482,234.49515504352706
2023-05-13,Phone,East,Home Office,988,1,988,147.52887827165765
2023-05-13,Headphones,North,Home Office,1647,3,4941,1157.8169026237867
2023-05-13,Headphones,South,Consumer,1130,1,1130,232.9466422948249
2023-05-13,Headphones,South,Home Office,1666,4,6664,767.1663981340055
2023-05-13,Laptop,North,Home Office,1613,4,6452,1444.9054909772583
2023-05-13,Laptop,South,Consumer,1917,3,5751,1240.258819013299
2023-05-13,Tablet,North,Consumer,955,4,3820,1074.5056164306297
2023-05-14,Tablet,East,Consumer,1572,3,4716,1336.9726472420932
2023-05-14,Headphones,South,Consumer,1058,3,3174,766.6615131498264
2023-05-14,Phone,South,Consumer,504,4,2016,455.98766582039866
2023-05-14,Tablet,West,Corporate,1445,2,2890,595.1433204405682
2023-05-14,Tablet,West,Consumer,1645,1,1645,481.100056782981
2023-05-14,Phone,South,Corporate,1097,2,2194,421.1009451326877
2023-05-15,Phone,North,Home Office,502,2,1004,273.8834854115901
2023-05-15,Headphones,West,Consumer,1758,4,7032,1889.7088875224847
2023-05-15,Headphones,East,Consumer,549,3,1647,293.7781228371506
2023-05-15,Headphones,South,Consumer,771,4,3084,895.2419070311781
2023-05-16,Phone,South,Consumer,1855,3,5565,1067.3263525469333
2023-05-16,Phone,East,Home Office,810,2,1620,363.6392177359877
2023-05-16,Phone,South,Home Office,1296,3,3888,664.8799254970427
2023-05-16,Laptop,East,Home Office,744,4,2976,879.2936668365429
2023-05-16,Tablet,West,Consumer,861,4,3444,876.9037319212147
2023-05-17,Tablet,South,Consumer,1950,3,5850,1499.1781435188554
2023-05-17,Headphones,West,Corporate,592,2,1184,261.2056277011783
2023-05-17,Laptop,South,Consumer,1679,2,3358,876.2721967282789
2023-05-17,Laptop,West,Corporate,1371,2,2742,556.4524956293972
2023-05-17,Headphones,East,Corporate,1112,3,3336,353.06206630412044
2023-05-17,Tablet,West,Consumer,1696,2,3392,950.6982927618886
2023-05-18,Phone,East,Consumer,1100,1,1100,215.94085486068795
2023-05-18,Tablet,West,Consumer,1882,3,5646,875.7487329666405
2023-05-18,Laptop,South,Consumer,615,1,615,130.88110554652266
2023-05-18,Tablet,South,Consumer,613,1,613,84.78929514708965
2023-05-18,Laptop,West,Home Office,1789,3,5367,773.7633772324938
2023-05-19,Laptop,South,Consumer,1924,2,3848,1051.8664648278177
2023-05-19,Laptop,North,Consumer,1208,4,4832,905.1439529925354
2023-05-19,Tablet,North,Home Office,1087,2,2174,582.484018302182
2023-05-20,Headphones,East,Home Office,826,2,1652,460.10123836153116
2023-05-20,Laptop,South,Home Office,1373,4,5492,1095.6977735972785
2023-05-20,Headphones,North,Consumer,1052,4,4208,699.8448507349502
2023-05-20,Tablet,South,Corporate,974,4,3896,619.6524124999291
2023-05-20,Tablet,North,Consumer,1206,3,3618,948.5517412173297
2023-05-20,Headphones,East,Consumer,1687,2,3374,859.6319184508448
2023-05-20,Headphones,South,Home Office,789,1,789,152.00773848644732
2023-05-21,Headphones,West,Home Office,1376,1,1376,245.4299546956192
2023-05-21,Laptop,South,Consumer,1324,1,1324,242.70663138211097
2023-05-21,Phone,South,Consumer,1179,3,3537,497.71134427629534
2023-05-21,Laptop,North,Home Office,883,3,2649,292.3971199125563
2023-05-21,Headphones,West,Corporate,919,3,2757,505.0514689864348
2023-05-21,Laptop,East,Corporate,805,2,1610,265.745033155416
2023-05-21,Laptop,West,Home Office,705,1,705,122.80268215024489
2023-05-22,Tablet,South,Home Office,1003,2,2006,358.34991465240245
2023-05-22,Laptop,West,Consumer,771,3,2313,423.0336904085002
2023-05-22,Phone,South,Home Office,661,3,1983,403.57869310173606
2023-05-22,Laptop,East,Corporate,1225,1,1225,211.11901244059726
2023-05-22,Headphones,West,Home Office,652,3,1956,492.5228665225795
2023-05-23,Laptop,East,Consumer,1062,4,4248,1250.9680311844718
2023-05-23,Tablet,West,Corporate,603,3,1809,439.34337680892213
2023-05-23,Tablet,South,Consumer,1506,3,4518,564.8631823532825
2023-05-24,Phone,North,Consumer,1941,3,5823,642.7372658191414
2023-05-24,Laptop,North,Corporate,761,4,3044,900.1263051553087
2023-05-24,Tablet,North,Home Office,1060,4,4240,993.0548807132074
2023-05-24,Laptop,East,Consumer,1462,2,2924,387.7430650375944
2023-05-24,Headphones,West,Corporate,868,3,2604,667.754793817921
2023-05-24,Tablet,West,Corporate,1325,1,1325,389.6181340774051
2023-05-24,Laptop,East,Home Office,1424,3,4272,1030.5714555238935
2023-05-25,Laptop,West,Home Office,692,1,692,168.6340263094409
2023-05-25,Phone,West,Consumer,1763,4,7052,1712.8049410189542
2023-05-25,Tablet,West,Home Office,1981,1,1981,260.4116450808032
2023-05-26,Headphones,East,Corporate,1899,2,3798,890.7851944010789
2023-05-26,Laptop,West,Home Office,1729,4,6916,1985.302946707897
2023-05-26,Phone,West,Home Office,1094,3,3282,336.1797047977567
2023-05-26,Headphones,West,Consumer,612,4,2448,385.6249841397849
2023-05-26,Tablet,North,Home Office,639,1,639,183.39228838899422
2023-05-26,Laptop,North,Corporate,1592,2,3184,475.77337400837433
2023-05-27,Phone,South,Consumer,518,2,1036,172.48491576121313
2023-05-27,Phone,South,Home Office,951,1,951,217.15788236618576
2023-05-27,Phone,East,Home Office,714,2,1428,365.85242721644147
2023-05-28,Headphones,West,Consumer,837,3,2511,468.0599054379609
2023-05-28,Laptop,West,Corporate,701,1,701,84.55761500961223
2023-05-28,Phone,North,Corporate,1180,1,1180,162.79641150142882
2023-05-28,Headphones,North,Consumer,1727,3,5181,791.943063884982
2023-05-28,Phone,South,Consumer,707,2,1414,222.69415883294235
2023-05-28,Phone,South,Corporate,653,3,1959,429.1619152811211
2023-05-28,Tablet,North,Home Office,729,4,2916,464.979988907237
2023-05-29,Headphones,East,Home Office,866,2,1732,265.8280624498523
2023-05-29,Phone,South,Home Office,1657,3,4971,1057.4907431967954
2023-05-29,Laptop,North,Corporate,1244,3,3732,575.5462438094987
2023-05-29,Headphones,South,Consumer,1975,1,1975,243.74108636254664
2023-05-29,Laptop,South,Consumer,1602,3,4806,1188.5576614754027
2023-05-29,Headphones,North,Home Office,1771,2,3542,797.0950587353652
2023-05-30,Laptop,West,Consumer,1380,1,1380,298.8875916779766
2023-05-30,Laptop,North,Home Office,1943,1,1943,520.6469043497962
2023-05-30,Phone,West,Corporate,675,2,1350,162.51113723569293
2023-05-31,Tablet,South,Corporate,1942,4,7768,1939.489925656993
2023-05-31,Tablet,North,Home Office,1794,4,7176,1341.0556434382863
2023-05-31,Laptop,East,Corporate,1414,4,5656,824.8393112134602
2023-05-31,Tablet,North,Consumer,669,2,1338,324.8805087759867
2023-06-01,Laptop,East,Home Office,1959,3,5877,622.3790664176751
2023-06-01,Laptop,North,Corporate,568,3,1704,254.76836971138528
2023-06-01,Headphones,East,Consumer,1445,3,4335,620.2035786586731
2023-06-02,Tablet,West,Corporate,1827,3,5481,1467.2547482587236
2023-06-02,Phone,East,Home Office,1687,3,5061,792.8610805265148
2023-06-02,Headphones,South,Home Office,1369,1,1369,206.26919316233528
2023-06-03,Phone,West,Home Office,993,2,1986,368.4012723217047
2023-06-03,Laptop,South,Home Office,794,1,794,216.79270356677242
2023-06-03,Laptop,South,Consumer,1148,2,2296,591.1681226846713
2023-06-03,Laptop,South,Consumer,862,3,2586,623.4643414226191
2023-06-03,Phone,West,Corporate,1775,3,5325,1529.6388618644069
2023-06-04,Phone,South,Home Office,1011,3,3033,666.5596196881877
2023-06-04,Laptop,West,Corporate,755,3,2265,251.9477630383899
2023-06-04,Phone,West,Home Office,1652,3,4956,1202.2859597896481
2023-06-04,Phone,South,Consumer,1908,2,3816,503.3244947715646
2023-06-04,Headphones,North,Consumer,1213,4,4852,1129.7584911932947
2023-06-04,Tablet,East,Consumer,802,4,3208,607.082703379192
2023-06-05,Laptop,North,Home Office,811,2,1622,335.9336575469658
2023-06-05,Laptop,North,Home Office,551,4,2204,568.3202875393174
2023-06-05,Tablet,South,Home Office,1912,4,7648,1731.8385079244404
2023-06-05,Laptop,South,Corporate,1306,4,5224,1437.978543747087
2023-06-05,Laptop,North,Consumer,1529,3,4587,1219.1065088344642
2023-06-05,Tablet,South,Consumer,1129,1,1129,265.75322880068586
2023-06-06,Headphones,East,Home Office,913,1,913,93.71963871781408
2023-06-06,Laptop,North,Home Office,1152,4,4608,1100.3439426141604
2023-06-06,Tablet,West,Home Office,1568,1,1568,389.0603602932746
2023-06-07,Phone,North,Corporate,1119,2,2238,356.64171887208516
2023-06-07,Phone,North,Corporate,1220,2,2440,324.8851103590277
2023-06-07,Phone,East,Corporate,1133,2,2266,514.2185110400808
2023-06-07,Tablet,West,Corporate,1757,4,7028,1139.9451065962553
2023-06-07,Tablet,East,Home Office,1257,3,3771,553.7361823526412
2023-06-07,Tablet,South,Home Office,636,3,1908,478.47491217617056
2023-06-07,Laptop,East,Home Office,829,4,3316,797.2632909877892
2023-06-08,Laptop,South,Corporate,640,2,1280,275.30480314525397
2023-06-08,Laptop,West,Home Office,704,4,2816,622.6952592669453
2023-06-08,Headphones,North,Consumer,794,4,3176,940.3726742357401
2023-06-09,Tablet,North,Consumer,804,3,2412,339.7622233516633
2023-06-09,Laptop,East,Consumer,692,1,692,153.80898574678392
2023-06-09,Tablet,North,Home Office,1910,3,5730,1587.9202498210723
2023-06-10,Headphones,South,Consumer,1167,1,1167,241.72225028772485
2023-06-10,Laptop,North,Consumer,835,1,835,164.5108082165832
2023-06-10,Tablet,South,Consumer,1722,2,3444,696.074964677952
2023-06-10,Tablet,South,Consumer,928,3,2784,538.0412722188468
2023-06-10,Laptop,South,Corporate,556,4,2224,229.2981054627082
2023-06-11,Headphones,West,Corporate,1017,4,4068,554.6500713704281
2023-06-11,Headphones,West,Home Office,1231,4,4924,1130.8635737388238
2023-06-11,Laptop,South,Corporate,832,1,832,247.8058342585696
2023-06-11,Headphones,West,Consumer,1134,2,2268,372.4791524356685
2023-06-12,Tablet,South,Corporate,539,3,1617,390.2255208054207
2023-06-12,Headphones,East,Home Office,1645,3,4935,1193.0517017111752
2023-06-12,Tablet,South,Home Office,1397,2,2794,750.0914920542631
2023-06-12,Laptop,West,Home Office,1647,2,3294,838.5269468836741
2023-06-12,Tablet,West,Consumer,1659,1,1659,359.57616840926653
2023-06-13,Headphones,North,Corporate,1306,4,5224,1063.6148277795521
2023-06-13,Laptop,East,Consumer,1734,4,6936,1683.0007962052048
2023-06-13,Tablet,East,Consumer,1394,4,5576,993.3701458780113
2023-06-13,Phone,North,Home Office,1490,3,4470,834.2478215157588
2023-06-13,Phone,West,Corporate,1993,2,3986,523.3432379980704
2023-06-13,Phone,North,Consumer,766,2,1532,271.5353545991382
2023-06-13,Headphones,East,Consumer,1563,1,1563,223.48169033757736
2023-06-14,Phone,West,Home Office,1730,4,6920,798.5287904231297
2023-06-14,Phone,South,Home Office,1357,3,4071,944.073667827315
2023-06-14,Headphones,North,Corporate,1004,3,3012,684.7852583475027
2023-06-14,Tablet,South,Consumer,1652,2,3304,508.49343860273376
2023-06-14,Headphones,North,Corporate,1422,4,5688,1505.9177894610823
2023-06-14,Phone,East,Consumer,1474,3,4422,1130.2855250371313
2023-06-15,Phone,North,Consumer,891,1,891,171.78304142696055
2023-06-15,Phone,South,Consumer,904,4,3616,537.6244813036412
2023-06-15,Laptop,West,Corporate,1189,4,4756,782.8636112812941
2023-06-15,Headphones,South,Home Office,954,4,3816,890.4803215470703
2023-06-15,Phone,South,Home Office,1705,1,1705,193.43426666287246
2023-06-15,Headphones,East,Home Office,1456,3,4368,1136.857605700959
2023-06-16,Phone,East,Consumer,1358,3,4074,872.7830409174998
2023-06-16,Headphones,North,Consumer,1302,4,5208,1449.6060371951803
2023-06-16,Laptop,East,Corporate,1007,4,4028,654.3053942361015
2023-06-16,Phone,South,Home Office,961,4,3844,863.9336836434501
2023-06-16,Headphones,West,Home Office,706,4,2824,632.308397780504
2023-06-16,Tablet,East,Consumer,1648,2,3296,587.0793061179108
2023-06-16,Headphones,North,Consumer,882,3,2646,498.6618818447408
2023-06-17,Laptop,East,Consumer,1799,4,7196,1578.5892212168633
2023-06-17,Headphones,East,Corporate,1493,3,4479,1001.9765391997506
2023-06-17,Tablet,East,Consumer,1279,2,2558,588.08876843833
2023-06-17,Laptop,South,Corporate,1537,3,4611,1336.4528792514182
2023-06-18,Phone,East,Home Office,1193,2,2386,291.1221992207722
2023-06-18,Tablet,North,Consumer,1866,1,1866,427.03660926648286
2023-06-18,Laptop,North,Corporate,957,2,1914,251.1958744932389
2023-06-18,Headphones,East,Consumer,1115,4,4460,483.76931266496644
2023-06-18,Phone,East,Consumer,592,2,1184,158.5916918870154
2023-06-18,Headphones,South,Consumer,874,3,2622,629.0909903098407
2023-06-18,Headphones,West,Corporate,1031,2,2062,581.5718555794629
2023-06-19,Headphones,South,Corporate,512,1,512,111.05277906235293
2023-06-19,Laptop,South,Corporate,1961,2,3922,973.0989689247596
2023-06-19,Headphones,West,Home Office,1673,4,6692,711.685855575208
2023-06-19,Headphones,South,Corporate,1139,4,4556,1258.342602738856
2023-06-19,Headphones,South,Corporate,1018,4,4072,1110.0246194586653
2023-06-19,Tablet,West,Home Office,1704,3,5112,804.1375868230905
2023-06-20,Tablet,East,Consumer,1757,1,1757,394.4923695065684
2023-06-20,Tablet,North,Home Office,1106,1,1106,124.40156797393894
2023-06-20,Headphones,West,Home Office,1832,3,5496,984.8409783513673
2023-06-21,Headphones,South,Corporate,1424,3,4272,898.723825358261
2023-06-21,Phone,South,Home Office,863,2,1726,251.77706623340453
2023-06-21,Headphones,South,Corporate,1227,2,2454,282.1222475096928
2023-06-22,Headphones,East,Consumer,1083,4,4332,440.7430058149878
2023-06-22,Tablet,West,Home Office,609,4,2436,389.45957966924567
2023-06-22,Phone,West,Corporate,538,4,2152,368.12961974316124
2023-06-22,Laptop,North,Consumer,1609,4,6436,832.7179000370297
2023-06-22,Headphones,South,Home Office,1899,3,5697,682.0253870493367
2023-06-22,Tablet,East,Home Office,1825,4,7300,957.7320610004423
2023-06-22,Headphones,South,Corporate,1947,4,7788,1003.2171170941596
2023-06-23,Headphones,West,Corporate,1866,1,1866,351.4597906791923
2023-06-23,Tablet,East,Corporate,1324,3,3972,442.4639007267094
2023-06-23,Headphones,South,Consumer,1289,1,1289,218.37267859914402
2023-06-23,Phone,East,Consumer,1922,2,3844,625.7074818802354
2023-06-23,Tablet,East,Home Office,1348,4,5392,1498.457625029594
2023-06-24,Phone,East,Consumer,1605,1,1605,398.56690603936954
2023-06-24,Tablet,West,Corporate,1734,4,6936,1194.9393223220009
2023-06-24,Tablet,West,Corporate,1411,3,4233,1014.6760273020554
2023-06-24,Tablet,North,Corporate,987,1,987,274.3630476058662
2023-06-24,Laptop,North,Corporate,1478,1,1478,319.04535634526883
2023-06-24,Phone,South,Home Office,809,4,3236,951.5363149053084
2023-06-25,Laptop,West,Home Office,985,3,2955,632.8885533521304
2023-06-25,Headphones,North,Corporate,1974,4,7896,1564.6160986001596
2023-06-25,Phone,South,Corporate,1107,1,1107,238.36234117851953
2023-06-26,Phone,South,Home Office,1405,3,4215,1175.129527854588
2023-06-26,Headphones,North,Home Office,848,3,2544,426.1959648572105
2023-06-26,Headphones,North,Home Office,786,2,1572,320.7112848133456
2023-06-27,Tablet,East,Corporate,887,1,887,199.30496713412316
2023-06-27,Phone,South,Consumer,775,4,3100,775.1647736420821
2023-06-27,Phone,West,Consumer,1410,1,1410,167.44498040447866
2023-06-27,Phone,West,Corporate,608,3,1824,288.72494124253603
2023-06-27,Headphones,East,Corporate,1634,3,4902,1068.5849042988932
2023-06-27,Laptop,North,Consumer,1795,3,5385,1063.2847863657546
2023-06-28,Tablet,North,Corporate,1370,1,1370,347.82899697848086
2023-06-28,Laptop,South,Corporate,1861,1,1861,437.11155040516394
2023-06-28,Phone,North,Home Office,1348,4,5392,783.717693264449
2023-06-28,Tablet,North,Corporate,1887,3,5661,705.8144029757763
2023-06-29,Phone,North,Consumer,807,1,807,216.1437157498202
2023-06-29,Laptop,West,Home Office,1621,4,6484,956.3621923963276
2023-06-29,Tablet,West,Consumer,1760,2,3520,996.1359690148897
2023-06-29,Headphones,West,Home Office,1713,4,6852,1205.6114870086326
2023-06-29,Headphones,South,Corporate,1382,3,4146,885.9710938427837
2023-06-29,Tablet,North,Consumer,915,2,1830,430.92588553932745
2023-06-30,Headphones,East,Corporate,841,2,1682,275.19187620612905
2023-06-30,Laptop,West,Home Office,1321,4,5284,1347.6779139791743
2023-06-30,Tablet,East,Home Office,1355,1,1355,225.52770972672417
2023-06-30,Phone,East,Home Office,1370,4,5480,1202.6324927074022
2023-06-30,Phone,East,Corporate,1551,2,3102,694.6097210766297
2023-06-30,Laptop,East,Corporate,1741,1,1741,272.158705861181
2023-06-30,Phone,North,Corporate,1811,1,1811,436.90236007751594
2023-07-01,Phone,East,Corporate,751,3,2253,289.400211043433
2023-07-01,Headphones,East,Consumer,709,4,2836,756.969119432992
2023-07-01,Tablet,West,Corporate,1399,2,2798,314.388014601689
2023-07-01,Laptop,East,Home Office,971,3,2913,855.3012998331974
2023-07-01,Laptop,East,Corporate,1773,4,7092,1377.210022053426
2023-07-01,Phone,North,Corporate,1415,4,5660,875.0819810790773
2023-07-02,Tablet,West,Consumer,1718,2,3436,990.6214159474679
2023-07-02,Laptop,East,Home Office,959,1,959,223.16382531260012
2023-07-02,Phone,East,Corporate,850,2,1700,474.4913683648252
2023-07-02,Tablet,West,Home Office,682,4,2728,421.00306370329605
2023-07-02,Laptop,South,Corporate,1901,1,1901,353.5698870402882
2023-07-03,Headphones,South,Consumer,945,1,945,194.9449787817787
2023-07-03,Phone,North,Home Office,749,2,1498,328.3861537893965
2023-07-03,Phone,North,Consumer,1483,1,1483,264.00966160856143
2023-07-04,Tablet,West,Home Office,970,4,3880,839.1796739316478
2023-07-04,Laptop,West,Home Office,1225,4,4900,1133.8898882694252
2023-07-04,Tablet,West,Corporate,637,1,637,183.7947791455487
2023-07-05,Laptop,West,Consumer,1760,1,1760,339.32155775474433
2023-07-05,Headphones,East,Consumer,1369,1,1369,198.85416367358502
2023-07-05,Tablet,West,Corporate,1972,4,7888,839.9827804840422
2023-07-05,Phone,East,Home Office,1216,3,3648,910.6581389324554
2023-07-05,Headphones,North,Consumer,1961,4,7844,2327.4202335786345
2023-07-06,Tablet,East,Corporate,1173,3,3519,433.3305877352967
2023-07-06,Laptop,West,Consumer,1962,2,3924,570.1741721131358
2023-07-06,Tablet,North,Consumer,1260,3,3780,898.7044808533922
2023-07-07,Laptop,East,Consumer,521,2,1042,290.90226336055025
2023-07-07,Headphones,West,Corporate,1028,2,2056,291.5652144682551
2023-07-07,Laptop,South,Consumer,995,2,1990,562.331193005157
2023-07-07,Tablet,South,Corporate,1762,4,7048,1844.3287295445468
2023-07-08,Tablet,North,Consumer,914,1,914,128.7363075291442
2023-07-08,Headphones,South,Consumer,1481,2,2962,701.3224860672574
2023-07-08,Laptop,South,Corporate,1528,2,3056,554.81564177767
2023-07-08,Phone,East,Corporate,645,4,2580,548.0894265092949
2023-07-08,Phone,South,Consumer,1402,4,5608,829.0222789593613
2023-07-08,Tablet,East,Home Office,1250,4,5000,1193.3351537347066
2023-07-08,Tablet,East,Home Office,621,4,2484,271.64320778197464
2023-07-09,Laptop,North,Home Office,862,2,1724,208.90546491988698
2023-07-09,Headphones,West,Consumer,1325,4,5300,1227.6494137554278
2023-07-09,Headphones,East,Home Office,1307,3,3921,414.9634968785222
2023-07-09,Headphones,South,Consumer,1357,4,5428,1105.440617151565
2023-07-09,Phone,East,Home Office,1257,4,5028,1008.0408799745081
2023-07-09,Tablet,East,Consumer,1461,4,5844,643.0906277598042
2023-07-09,Headphones,East,Home Office,1501,1,1501,339.17216046129926
2023-07-10,Phone,South,Corporate,1157,2,2314,544.9183393644547
2023-07-10,Laptop,East,Corporate,670,2,1340,173.24491676955472
2023-07-10,Laptop,South,Corporate,993,4,3972,698.309761588283
2023-07-10,Tablet,South,Corporate,1669,3,5007,985.3982013109172
2023-07-10,Headphones,North,Consumer,1725,4,6900,986.982182031806
2023-07-11,Tablet,East,Corporate,1310,1,1310,313.53411919642815
2023-07-11,Tablet,West,Consumer,1308,3,3924,663.7886260325015
2023-07-11,Phone,West,Corporate,1814,2,3628,458.8727875530275
2023-07-11,Phone,West,Home Office,1278,1,1278,380.9289368496565
2023-07-11,Tablet,North,Home Office,1793,1,1793,333.8508272288068
2023-07-12,Laptop,North,Home Office,1213,3,3639,1009.5454390754077
2023-07-12,Laptop,East,Home Office,529,1,529,69.85186858331437
2023-07-12,Laptop,West,Home Office,1548,2,3096,865.6197093281506
2023-07-12,Laptop,South,Corporate,1105,3,3315,865.1909532547057
2023-07-12,Laptop,South,Home Office,615,4,2460,326.205403996924
2023-07-13,Tablet,East,Consumer,904,2,1808,533.2481195311561
2023-07-13,Tablet,North,Corporate,757,4,3028,324.55931833182524
2023-07-13,Phone,South,Home Office,1854,4,7416,1592.8824413535563
2023-07-13,Phone,East,Consumer,686,2,1372,396.9898560516641
2023-07-13,Laptop,West,Home Office,930,3,2790,301.46396567915156
2023-07-14,Headphones,North,Home Office,1141,2,2282,353.81916222529054
2023-07-14,Tablet,East,Home Office,571,3,1713,216.5113185031693
2023-07-14,Tablet,South,Home Office,1499,4,5996,1110.6045885523151
2023-07-14,Phone,East,Consumer,1586,1,1586,259.32831273460596
2023-07-14,Headphones,North,Consumer,589,4,2356,326.65912445834
2023-07-14,Phone,North,Home Office,575,1,575,67.10536518820216
2023-07-15,Tablet,North,Consumer,1816,1,1816,303.0545082087135
2023-07-15,Headphones,East,Corporate,1959,3,5877,841.880870830446
2023-07-15,Laptop,West,Consumer,526,3,1578,206.37080992135498
2023-07-15,Headphones,North,Corporate,1330,4,5320,965.8095799877997
2023-07-16,Laptop,South,Corporate,544,3,1632,390.7542291138368
2023-07-16,Laptop,East,Corporate,720,4,2880,798.3855986765853
2023-07-16,Headphones,East,Consumer,1510,3,4530,1040.1831612879157
2023-07-16,Headphones,East,Home Office,940,4,3760,882.1652824452352
2023-07-17,Phone,South,Consumer,1415,3,4245,1051.0203543405557
2023-07-17,Laptop,South,Corporate,1488,4,5952,691.8957572738632
2023-07-17,Phone,North,Corporate,634,4,2536,749.2763817977019
2023-07-17,Phone,East,Home Office,940,1,940,256.8270905310329
2023-07-17,Tablet,East,Consumer,787,2,1574,294.1369996148553
2023-07-17,Phone,South,Corporate,815,4,3260,693.8791444783175
2023-07-18,Tablet,East,Consumer,1406,3,4218,505.7774382054827
2023-07-18,Tablet,South,Home Office,805,4,3220,347.849425250976
2023-07-18,Laptop,East,Consumer,1058,4,4232,1084.1701432451869
2023-07-18,Tablet,South,Corporate,1631,3,4893,612.5597551768401
2023-07-18,Headphones,South,Home Office,1854,1,1854,235.48771822051208
2023-07-18,Tablet,South,Home Office,1380,2,2760,608.9388663078668
2023-07-18,Headphones,South,Corporate,529,4,2116,328.3704842618474
2023-07-19,Headphones,North,Corporate,943,2,1886,276.613140703326
2023-07-19,Laptop,West,Consumer,1897,2,3794,569.9195826611293
2023-07-19,Phone,West,Consumer,684,4,2736,657.3969338582624
2023-07-20,Laptop,West,Corporate,1683,2,3366,736.5763020076472
2023-07-20,Headphones,West,Consumer,1087,2,2174,223.34911393794414
2023-07-20,Headphones,North,Corporate,1287,3,3861,873.6480267744594
2023-07-20,Laptop,East,Corporate,1422,2,2844,661.98336129623
2023-07-20,Phone,South,Consumer,1026,4,4104,896.3274245612628
2023-07-21,Laptop,East,Consumer,1121,2,2242,600.7754459280443
2023-07-21,Headphones,South,Corporate,1651,2,3302,598.7123908721954
2023-07-21,Headphones,South,Consumer,1943,2,3886,796.9955228770002
2023-07-21,Headphones,North,Consumer,1619,1,1619,433.09248407382677
2023-07-21,Headphones,South,Corporate,694,3,2082,208.66307602329246
2023-07-21,Tablet,West,Home Office,1464,4,5856,967.2044372543918
2023-07-22,Phone,East,Home Office,1209,4,4836,796.5186149559675
2023-07-22,Laptop,East,Corporate,816,3,2448,306.6223487279455
2023-07-22,Tablet,West,Consumer,1180,2,2360,669.4836398624955
2023-07-22,Phone,North,Consumer,871,3,2613,642.2436259749552
2023-07-22,Tablet,South,Home Office,542,1,542,55.677928191391054
2023-07-23,Laptop,West,Home Office,1633,2,3266,386.7589062431721
2023-07-23,Headphones,West,Consumer,750,4,3000,639.4469703679736
2023-07-23,Laptop,North,Corporate,1932,3,5796,1020.0717483366855
2023-07-23,Laptop,North,Home Office,571,3,1713,335.7642314664354
2023-07-23,Headphones,East,Home Office,1065,4,4260,770.8257543828691
2023-07-24,Headphones,East,Corporate,692,3,2076,343.34591330458755
2023-07-24,Tablet,North,Consumer,1205,1,1205,327.65309165722283
2023-07-24,Headphones,North,Home Office,630,4,2520,316.67623454313735
2023-07-24,Tablet,West,Consumer,775,1,775,202.13482879320685
2023-07-25,Phone,East,Corporate,1486,1,1486,380.5193848063751
2023-07-25,Laptop,West,Consumer,1609,4,6436,1213.8729867977836
2023-07-25,Laptop,North,Corporate,1566,3,4698,682.1807917026175
2023-07-25,Headphones,South,Corporate,1126,2,2252,359.4532729963802
2023-07-25,Laptop,West,Consumer,1543,4,6172,687.5940226460677
2023-07-26,Headphones,East,Home Office,938,2,1876,205.64423486659572
2023-07-26,Phone,East,Home Office,1305,2,2610,521.023830532078
2023-07-26,Headphones,South,Corporate,1241,1,1241,276.4049275219651
2023-07-26,Laptop,East,Home Office,551,2,1102,307.15720983748787
2023-07-26,Tablet,East,Home Office,1840,4,7360,1015.5859928655298
2023-07-27,Phone,South,Home Office,1944,2,3888,958.3052560742586
2023-07-27,Headphones,North,Consumer,1100,1,1100,264.46363990503437
2023-07-27,Laptop,West,Corporate,759,3,2277,651.5145837306825
2023-07-27,Tablet,South,Corporate,1022,4,4088,1173.0351789032347
2023-07-28,Tablet,South,Home Office,866,1,866,152.04175181754871
2023-07-28,Phone,North,Home Office,1364,4,5456,726.7965114406525
2023-07-28,Tablet,South,Consumer,1462,4,5848,718.2981081045458
2023-07-28,Headphones,North,Consumer,578,2,1156,319.8128566497429
2023-07-28,Tablet,South,Corporate,1006,3,3018,673.8760478616608
2023-07-28,Phone,West,Corporate,921,4,3684,967.9513596545371
2023-07-28,Phone,East,Corporate,1508,1,1508,205.24429768315494
2023-07-29,Tablet,West,Consumer,1829,2,3658,1000.9526564608703
2023-07-29,Laptop,North,Consumer,1711,2,3422,368.26626413017414
2023-07-29,Headphones,East,Corporate,1229,4,4916,1034.6863867019047
2023-07-30,Laptop,North,Home Office,1419,3,4257,677.2613910272229
2023-07-30,Headphones,East,Home Office,1806,4,7224,2034.3051944252177
2023-07-30,Phone,West,Consumer,1027,3,3081,401.4207306165672
2023-07-30,Tablet,East,Consumer,803,2,1606,403.14891792339694
2023-07-31,Headphones,South,Corporate,1801,3,5403,1395.4973763978378
2023-07-31,Headphones,South,Corporate,1613,1,1613,224.2706052908893
2023-07-31,Laptop,North,Home Office,941,2,1882,553.6619099511785
2023-08-01,Phone,South,Corporate,518,1,518,95.58716510053608
2023-08-01,Phone,North,Corporate,532,2,1064,278.6988477173812
2023-08-01,Phone,South,Home Office,1946,1,1946,534.7121326887803
2023-08-01,Headphones,East,Consumer,1684,3,5052,638.754326194512
2023-08-01,Tablet,South,Home Office,671,2,1342,168.3126308746291
2023-08-01,Tablet,East,Corporate,921,1,921,258.9002539465036
2023-08-01,Headphones,East,Home Office,877,3,2631,697.9205347219882
2023-08-02,Headphones,North,Corporate,1104,4,4416,931.4995802930858
2023-08-02,Headphones,East,Corporate,1949,1,1949,368.5116678261745
2023-08-02,Laptop,East,Home Office,643,3,1929,401.6617136382583
2023-08-02,Headphones,West,Home Office,932,1,932,97.11833429376688
2023-08-03,Tablet,North,Corporate,1576,4,6304,1685.9886847340679
2023-08-03,Tablet,East,Corporate,1424,3,4272,566.7805583756102
2023-08-03,Tablet,South,Consumer,1474,3,4422,487.43724185067964
2023-08-03,Tablet,South,Consumer,1872,3,5616,1554.0199029053977
2023-08-03,Headphones,East,Corporate,839,3,2517,506.26774081954363
2023-08-03,Laptop,East,Consumer,1659,3,4977,1015.7553369061255
2023-08-03,Tablet,West,Consumer,833,1,833,102.21587101155937
2023-08-04,Laptop,South,Consumer,1951,1,1951,324.01875302432353
2023-08-04,Headphones,South,Consumer,805,4,3220,955.7162951957597
2023-08-04,Headphones,South,Corporate,1891,2,3782,564.159005502008
2023-08-04,Laptop,East,Home Office,633,3,1899,466.69300721304757
2023-08-05,Phone,South,Consumer,1157,3,3471,350.0069233665284
2023-08-05,Laptop,West,Home Office,1579,3,4737,1199.3814700177968
2023-08-05,Laptop,West,Consumer,1591,2,3182,947.3068477558877
2023-08-06,Phone,West,Corporate,1955,3,5865,1047.6615828964798
2023-08-06,Laptop,North,Consumer,647,2,1294,289.2165349781262
2023-08-06,Phone,South,Corporate,1312,2,2624,436.6265002078824
2023-08-06,Headphones,East,Consumer,1637,3,4911,834.8089597771553
2023-08-06,Tablet,East,Home Office,1498,1,1498,355.71375054972225
2023-08-07,Headphones,West,Consumer,1204,3,3612,895.5469253440693
2023-08-07,Phone,East,Corporate,1798,2,3596,942.488741821363
2023-08-07,Headphones,West,Home Office,1812,3,5436,1110.9926415733157
2023-08-07,Headphones,North,Corporate,1700,1,1700,405.29718803351324
2023-08-07,Phone,East,Home Office,1691,4,6764,1590.5698770286588
2023-08-07,Phone,East,Corporate,1161,4,4644,1052.1470647824076
2023-08-07,Tablet,West,Consumer,1339,4,5356,1317.7618031863967
2023-08-08,Phone,West,Consumer,564,2,1128,192.98711450933234
2023-08-08,Headphones,East,Home Office,1418,4,5672,973.1010812462966
2023-08-08,Tablet,South,Home Office,1986,1,1986,459.1247959626843
2023-08-08,Tablet,East,Home Office,1312,4,5248,745.3285096808044
2023-08-08,Tablet,East,Home Office,1181,3,3543,907.1586827523499
2023-08-08,Headphones,East,Corporate,1870,1,1870,465.5315362081245
2023-08-08,Laptop,East,Consumer,1613,4,6452,1432.483262595557
2023-08-09,Laptop,East,Consumer,1128,4,4512,992.007676594565
2023-08-09,Laptop,South,Consumer,557,2,1114,203.97653325022827
2023-08-09,Tablet,North,Consumer,1049,2,2098,219.84785290749488
2023-08-09,Phone,South,Home Office,1878,1,1878,222.1381001265171
2023-08-09,Phone,West,Consumer,1392,4,5568,1137.405451113158
2023-08-09,Phone,North,Consumer,928,1,928,252.72500260015312
2023-08-09,Tablet,South,Consumer,720,3,2160,565.2265891553378
2023-08-10,Headphones,South,Home Office,1340,1,1340,221.74881694056407
2023-08-10,Laptop,South,Home Office,1925,2,3850,720.716289039351
2023-08-10,Laptop,South,Consumer,1593,4,6372,1696.9155781087209
2023-08-11,Tablet,East,Corporate,1533,2,3066,744.9763943047935
2023-08-11,Phone,West,Consumer,1852,3,5556,571.0036054263702
2023-08-11,Tablet,West,Consumer,1120,1,1120,177.75179351073993
2023-08-11,Laptop,West,Home Office,1592,3,4776,1110.4848750240874
2023-08-11,Tablet,South,Home Office,1024,4,4096,1226.3009627436397
2023-08-12,Laptop,East,Consumer,1531,3,4593,504.51433209714367
2023-08-12,Phone,West,Consumer,1489,1,1489,149.1767803438744
2023-08-12,Laptop,North,Corporate,1687,4,6748,1236.5882488163998
2023-08-12,Laptop,South,Consumer,807,3,2421,393.4599636605989
2023-08-13,Tablet,East,Home Office,1674,1,1674,268.9734800070338
2023-08-13,Tablet,North,Home Office,1234,1,1234,160.88550733268033
2023-08-13,Headphones,West,Home Office,708,1,708,165.913974468959
2023-08-13,Laptop,South,Home Office,1231,2,2462,603.7371841012992
2023-08-13,Tablet,South,Home Office,1093,3,3279,751.0343420389305
2023-08-13,Headphones,North,Home Office,1455,3,4365,893.4344725639029
2023-08-14,Headphones,East,Consumer,1450,3,4350,1171.1280631613015
2023-08-14,Laptop,East,Corporate,966,1,966,108.66173243006716
2023-08-14,Tablet,South,Home Office,1094,2,2188,457.6961381760184
2023-08-15,Laptop,East,Home Office,1045,4,4180,540.6371153166917
2023-08-15,Headphones,South,Home Office,633,1,633,104.84506515996675
2023-08-15,Tablet,North,Corporate,1675,3,5025,1015.6232607721462
2023-08-15,Tablet,South,Corporate,1807,3,5421,734.1412497397471
2023-08-15,Laptop,South,Home Office,1187,1,1187,280.7617284374928
2023-08-15,Tablet,South,Home Office,1851,3,5553,1605.6496192921181
2023-08-15,Headphones,South,Home Office,1850,1,1850,550.0283522223318
2023-08-16,Tablet,West,Corporate,1207,3,3621,994.3578470684101
2023-08-16,Phone,North,Home Office,782,1,782,152.56440186239954
2023-08-16,Phone,East,Home Office,1646,3,4938,1162.0542413480814
2023-08-16,Laptop,South,Home Office,664,1,664,107.28568383643598
2023-08-16,Laptop,East,Consumer,723,3,2169,524.6328709074187
2023-08-16,Phone,East,Corporate,946,4,3784,905.9078888320538
2023-08-16,Tablet,East,Consumer,1391,4,5564,711.353888664325
2023-08-17,Phone,South,Corporate,1858,3,5574,1629.1872475769567
2023-08-17,Tablet,South,Home Office,886,2,1772,511.06543298675825
2023-08-17,Laptop,South,Consumer,1779,2,3558,1004.4338789261393
2023-08-17,Laptop,North,Corporate,1969,3,5907,1012.6870233793832
2023-08-18,Laptop,South,Corporate,1001,3,3003,828.776724812245
2023-08-18,Tablet,West,Consumer,1420,2,2840,319.85778843012497
2023-08-18,Tablet,South,Corporate,1732,1,1732,402.91386064501233
2023-08-19,Headphones,North,Consumer,1256,2,2512,349.5260303860637
2023-08-19,Headphones,South,Corporate,1651,1,1651,210.45684851885622
2023-08-19,Headphones,South,Home Office,629,4,2516,509.6785703280108
2023-08-19,Phone,South,Corporate,1092,3,3276,881.6721877961148
2023-08-19,Laptop,West,Home Office,1688,4,6752,1321.6430401966416
2023-08-19,Phone,North,Corporate,764,3,2292,648.6367049034665
2023-08-19,Headphones,South,Corporate,1173,3,3519,881.7548840098966
2023-08-20,Phone,North,Corporate,826,1,826,120.90018139127281
2023-08-20,Laptop,West,Consumer,1605,3,4815,842.4564021490478
2023-08-20,Headphones,North,Corporate,1628,3,4884,523.1645374517661
2023-08-20,Phone,South,Corporate,1373,4,5492,591.9912984291532
2023-08-20,Laptop,West,Corporate,1193,1,1193,295.6472132875186
2023-08-21,Tablet,North,Corporate,1476,3,4428,1127.5313087147563
2023-08-21,Phone,East,Corporate,1261,2,2522,484.5940279619003
2023-08-21,Tablet,East,Corporate,1819,2,3638,544.6849140446417
2023-08-21,Laptop,West,Corporate,551,2,1102,131.65966339158513
2023-08-21,Laptop,South,Corporate,1020,3,3060,505.43938168086373
2023-08-22,Tablet,West,Home Office,1721,4,6884,1933.213553429653
2023-08-22,Tablet,South,Consumer,740,1,740,108.56796943815442
2023-08-22,Tablet,East,Home Office,1481,3,4443,498.8823698602873
2023-08-22,Headphones,East,Corporate,785,1,785,216.01707322498342
2023-08-23,Phone,North,Home Office,924,2,1848,224.2735401992736
2023-08-23,Tablet,South,Corporate,621,1,621,101.17691048975169
2023-08-23,Tablet,North,Home Office,1633,4,6532,813.2312068723684
2023-08-23,Headphones,East,Home Office,1068,4,4272,444.93566264671506
2023-08-23,Phone,North,Consumer,1319,1,1319,275.57362379806244
2023-08-23,Laptop,North,Home Office,1396,3,4188,1036.8486357453387
2023-08-24,Tablet,North,Corporate,1037,4,4148,510.66722929425214
2023-08-24,Headphones,South,Home Office,1796,1,1796,468.03088343023006
2023-08-24,Tablet,West,Consumer,1850,4,7400,1167.6734168831665
2023-08-24,Phone,North,Corporate,1089,4,4356,574.8872498448437
2023-08-24,Tablet,South,Corporate,933,1,933,176.74771261158733
2023-08-24,Headphones,South,Corporate,1299,1,1299,297.6098257954537
2023-08-25,Phone,South,Home Office,1401,1,1401,192.20641441758843
2023-08-25,Tablet,South,Consumer,890,3,2670,776.2398125810543
2023-08-25,Phone,North,Home Office,1047,1,1047,283.3027847791493
2023-08-25,Tablet,North,Consumer,1653,3,4959,1318.2516050338097
2023-08-25,Headphones,East,Corporate,1857,1,1857,312.93832815605435
2023-08-25,Tablet,East,Home Office,912,2,1824,346.66305010174057
2023-08-25,Laptop,East,Home Office,1014,2,2028,456.4758073875703
2023-08-26,Tablet,East,Consumer,1524,1,1524,248.0167124259812
2023-08-26,Headphones,South,Home Office,1533,3,4599,1218.5574307518484
2023-08-26,Phone,West,Consumer,625,4,2500,316.13435754924086
2023-08-26,Phone,East,Home Office,555,4,2220,531.0594585357654
2023-08-27,Headphones,North,Corporate,686,2,1372,266.85823750969416
2023-08-27,Tablet,West,Corporate,1722,1,1722,290.30497585426707
2023-08-27,Tablet,West,Corporate,946,2,1892,308.8127362893736
2023-08-27,Phone,North,Consumer,675,3,2025,237.7638382588098
2023-08-27,Laptop,North,Corporate,1643,1,1643,193.79497188406765
2023-08-28,Laptop,South,Consumer,1841,4,7364,1189.5497629831227
2023-08-28,Laptop,North,Consumer,1317,4,5268,1139.5360457958648
2023-08-28,Phone,East,Consumer,1160,2,2320,642.3981296048962
2023-08-28,Headphones,South,Consumer,1412,2,2824,694.065665575015
2023-08-28,Headphones,North,Consumer,1605,1,1605,279.9384038430896
2023-08-28,Laptop,North,Home Office,631,2,1262,252.90686910936955
2023-08-28,Headphones,West,Home Office,606,4,2424,266.44894436782926
2023-08-29,Tablet,West,Consumer,746,3,2238,262.7901179629379
2023-08-29,Phone,North,Corporate,653,2,1306,381.75705123433227
2023-08-29,Phone,West,Consumer,1654,2,3308,937.6331435513291
2023-08-29,Tablet,North,Consumer,1087,1,1087,176.57051553516075
2023-08-29,Tablet,East,Consumer,1066,2,2132,368.0920819545655
2023-08-30,Headphones,North,Corporate,1569,2,3138,655.5881036108663
2023-08-30,Headphones,North,Corporate,1652,1,1652,171.8156751035148
2023-08-30,Phone,West,Corporate,1723,1,1723,332.2646808089029
2023-08-30,Phone,West,Home Office,1756,2,3512,734.4968484942693
2023-08-30,Phone,South,Home Office,1684,2,3368,354.8980517646684
2023-08-30,Headphones,East,Home Office,1959,4,7836,1904.3439310570268
2023-08-31,Phone,South,Corporate,1663,2,3326,681.8628211312298
2023-08-31,Laptop,South,Corporate,1109,4,4436,553.1247209469471
2023-08-31,Headphones,West,Corporate,1245,1,1245,213.6323374386584
2023-08-31,Laptop,East,Consumer,1777,4,7108,1493.6189088506997
2023-08-31,Headphones,West,Home Office,1057,3,3171,629.3561728921467
2023-09-01,Headphones,West,Corporate,1283,3,3849,647.8953285492253
2023-09-01,Laptop,South,Corporate,1715,4,6860,849.790747556006
2023-09-01,Headphones,West,Home Office,1769,2,3538,584.3534756521618
2023-09-01,Headphones,East,Home Office,583,3,1749,472.7217306124375
2023-09-02,Headphones,East,Home Office,1592,3,4776,739.4397715201005
2023-09-02,Tablet,South,Consumer,1034,1,1034,214.1099184351506
2023-09-02,Tablet,East,Consumer,1028,2,2056,222.66370024967352
2023-09-02,Laptop,North,Home Office,921,4,3684,1052.5901823117742
2023-09-02,Laptop,East,Home Office,1537,2,3074,879.2655667198958
2023-09-02,Headphones,East,Corporate,1045,1,1045,276.22308808380166
2023-09-02,Laptop,North,Home Office,1457,3,4371,902.586067672103
2023-09-03,Tablet,West,Corporate,1920,2,3840,675.6383269030263
2023-09-03,Phone,North,Corporate,696,3,2088,594.0793289624366
2023-09-03,Laptop,South,Corporate,1273,4,5092,843.6277928095509
2023-09-03,Tablet,East,Consumer,1394,4,5576,1103.809199980486
2023-09-03,Headphones,South,Home Office,1135,1,1135,278.75878251973677
2023-09-03,Laptop,West,Consumer,1373,4,5492,1105.7436726740366
2023-09-04,Laptop,South,Consumer,735,2,1470,167.4975111951165
2023-09-04,Headphones,West,Home Office,634,1,634,104.97569044151517
2023-09-04,Phone,South,Corporate,585,4,2340,632.8353990823834
2023-09-04,Phone,South,Corporate,1574,2,3148,354.53176999514795
2023-09-05,Phone,West,Consumer,1771,2,3542,789.2895354755876
2023-09-05,Phone,East,Consumer,1966,2,3932,452.09809015036
2023-09-05,Laptop,West,Corporate,782,2,1564,314.33630195104354
2023-09-05,Headphones,South,Corporate,524,3,1572,406.18455985980745
2023-09-05,Laptop,West,Corporate,842,1,842,205.2923344940207
2023-09-06,Laptop,South,Corporate,1186,1,1186,211.88162426553384
2023-09-06,Headphones,East,Home Office,1381,1,1381,295.7845282463424
2023-09-06,Phone,South,Consumer,808,2,1616,292.250898728995
2023-09-07,Tablet,South,Corporate,1741,4,6964,1415.9589099346347
2023-09-07,Laptop,West,Consumer,1565,3,4695,1112.878867967836
2023-09-07,Phone,East,Corporate,1802,3,5406,845.4101260717486
2023-09-08,Headphones,West,Corporate,1516,4,6064,814.8955500114321
2023-09-08,Headphones,North,Corporate,1937,2,3874,580.9017900669044
2023-09-08,Laptop,East,Corporate,1115,3,3345,402.9835795861671
2023-09-09,Phone,East,Corporate,1088,1,1088,240.05916231285212
2023-09-09,Phone,East,Consumer,781,2,1562,336.0378250363939
2023-09-09,Headphones,East,Corporate,1711,1,1711,310.1757388156292
2023-09-09,Laptop,North,Consumer,1982,2,3964,966.6090474181996
2023-09-09,Laptop,North,Corporate,1701,3,5103,716.2519241864575
2023-09-09,Tablet,East,Home Office,754,3,2262,309.4618548755166
2023-09-10,Phone,North,Home Office,525,1,525,56.73505447453746
2023-09-10,Laptop,North,Consumer,736,1,736,218.54113910137156
2023-09-10,Headphones,North,Home Office,1134,4,4536,763.7406254536826
2023-09-10,Tablet,West,Home Office,1320,2,2640,282.17973092671014
2023-09-10,Headphones,South,Consumer,755,4,3020,324.5877822069136
2023-09-10,Laptop,West,Consumer,1449,4,5796,1029.3380168980298
2023-09-10,Headphones,East,Consumer,981,2,1962,269.55189291282375
2023-09-11,Laptop,West,Corporate,1089,3,3267,939.7075781276536
2023-09-11,Headphones,North,Consumer,570,4,2280,514.1253618373291
2023-09-11,Laptop,West,Home Office,876,3,2628,650.979805665444
2023-09-11,Laptop,North,Home Office,681,3,2043,287.4451945753007
2023-09-12,Tablet,South,Consumer,714,4,2856,422.12510220118685
2023-09-12,Laptop,East,Consumer,1072,1,1072,145.93297685714342
2023-09-12,Tablet,South,Home Office,725,1,725,158.49314754526688
2023-09-12,Laptop,North,Home Office,928,2,1856,461.16772064772704
2023-09-12,Phone,West,Consumer,1365,2,2730,474.66735502883
2023-09-12,Headphones,South,Consumer,867,3,2601,289.9552370866399
2023-09-13,Phone,South,Corporate,1613,1,1613,270.64358452740953
2023-09-13,Tablet,South,Consumer,558,1,558,121.11912604210913
2023-09-13,Tablet,South,Consumer,971,4,3884,902.1309930042619
2023-09-13,Tablet,East,Home Office,1890,4,7560,1225.8015764069085
2023-09-13,Tablet,South,Home Office,1188,4,4752,817.0777567595202
2023-09-14,Tablet,North,Home Office,1975,4,7900,1540.6712165923
2023-09-14,Headphones,South,Home Office,1737,1,1737,202.61169320068433
2023-09-14,Laptop,South,Home Office,1316,4,5264,1105.142326235934
2023-09-15,Tablet,West,Home Office,1769,1,1769,198.90816138178945
2023-09-15,Tablet,West,Consumer,1416,3,4248,851.9365627915266
2023-09-15,Laptop,North,Home Office,913,1,913,126.48270999847146
2023-09-15,Phone,West,Home Office,864,4,3456,502.8352844729748
2023-09-15,Headphones,North,Home Office,1045,2,2090,352.3851658626302
2023-09-15,Phone,West,Corporate,1820,1,1820,201.10334247630084
2023-09-16,Phone,South,Corporate,1967,4,7868,865.7559312635111
2023-09-16,Headphones,North,Consumer,1601,1,1601,405.3310698971425
2023-09-16,Laptop,North,Consumer,568,2,1136,144.14327469836175
2023-09-16,Tablet,West,Consumer,1819,2,3638,696.3566080817787
2023-09-17,Headphones,South,Consumer,1515,1,1515,323.73488216214247
2023-09-17,Tablet,North,Corporate,1789,3,5367,1489.2614962665446
2023-09-17,Laptop,East,Corporate,718,1,718,207.55536888468208
2023-09-17,Headphones,West,Corporate,1482,4,5928,1129.6690891450978
2023-09-17,Phone,North,Consumer,1131,1,1131,244.2574501019954
2023-09-18,Laptop,East,Consumer,1716,1,1716,190.46443650742694
2023-09-18,Laptop,East,Consumer,1051,3,3153,775.6390853135912
2023-09-18,Laptop,South,Consumer,554,4,2216,361.85380040354124
2023-09-19,Phone,North,Home Office,1891,3,5673,1013.0949321773119
2023-09-19,Laptop,North,Consumer,700,1,700,157.53025750440133
2023-09-19,Tablet,East,Home Office,1641,3,4923,1093.0989904474527
2023-09-19,Tablet,West,Consumer,1540,3,4620,700.0519668575009
2023-09-19,Tablet,South,Home Office,1336,3,4008,1095.9293673282039
2023-09-19,Phone,East,Home Office,1604,3,4812,871.5929976920214
2023-09-19,Laptop,West,Corporate,703,4,2812,620.4652257174984
2023-09-20,Headphones,East,Corporate,1669,2,3338,994.9143798825068
2023-09-20,Headphones,South,Consumer,1297,4,5188,1366.7174342339626
2023-09-20,Tablet,North,Consumer,1858,4,7432,1385.0380661682002
2023-09-21,Headphones,West,Consumer,918,2,1836,476.1279959023587
2023-09-21,Laptop,West,Consumer,1224,1,1224,306.1465022109621
2023-09-21,Phone,East,Home Office,1619,2,3238,441.7040822638896
2023-09-21,Phone,South,Corporate,1550,4,6200,1690.655156458837
2023-09-21,Tablet,North,Consumer,1605,4,6420,1219.941058551578
2023-09-21,Tablet,South,Corporate,1431,2,2862,361.42044794635564
2023-09-22,Tablet,North,Home Office,1212,2,2424,302.71973074579796
2023-09-22,Tablet,East,Corporate,888,2,1776,301.22805458554427
2023-09-22,Headphones,East,Consumer,1935,4,7740,1022.6608323335164
2023-09-22,Phone,South,Home Office,1802,4,7208,1782.4997285308555
2023-09-22,Phone,East,Home Office,587,1,587,100.19775274792859
2023-09-23,Tablet,West,Corporate,632,4,2528,350.00560357746724
2023-09-23,Phone,West,Home Office,1157,2,2314,437.2130731300378
2023-09-23,Phone,West,Corporate,516,4,2064,373.6286049338673
2023-09-24,Tablet,East,Home Office,1002,3,3006,707.5356122275389
2023-09-24,Phone,South,Corporate,544,2,1088,169.3510429941643
2023-09-24,Phone,West,Home Office,1601,2,3202,860.5777578867792
2023-09-25,Headphones,East,Home Office,713,2,1426,414.48320419449266
2023-09-25,Tablet,North,Consumer,1187,1,1187,265.94375314337003
2023-09-25,Headphones,South,Corporate,1754,4,7016,1036.616485187909
2023-09-25,Phone,East,Consumer,1491,2,2982,302.6085300213764
2023-09-26,Tablet,North,Corporate,651,3,1953,358.7058724070619
2023-09-26,Headphones,North,Consumer,1691,4,6764,1105.1079175084612
2023-09-26,Tablet,West,Consumer,1819,1,1819,494.1578851641286
2023-09-26,Phone,North,Home Office,761,1,761,103.9319809720916
2023-09-26,Laptop,East,Consumer,1269,1,1269,324.2846987266134
2023-09-26,Phone,West,Home Office,973,2,1946,312.9536323200237
2023-09-26,Tablet,East,Home Office,1967,2,3934,1167.5375271142882
2023-09-27,Headphones,East,Home Office,1536,1,1536,185.67640150982186
2023-09-27,Laptop,West,Consumer,1643,2,3286,431.3611994890119
2023-09-27,Headphones,South,Consumer,758,4,3032,505.6021284631253
2023-09-27,Tablet,South,Home Office,616,4,2464,515.9030424424469
2023-09-27,Headphones,South,Home Office,1042,3,3126,593.4824526727161
2023-09-27,Laptop,South,Corporate,946,4,3784,872.1938031278733
2023-09-27,Phone,South,Consumer,895,3,2685,428.50179811715674
2023-09-28,Tablet,South,Consumer,1614,2,3228,823.7063554856337
2023-09-28,Phone,West,Corporate,1858,4,7432,800.8083090077369
2023-09-28,Headphones,North,Consumer,1575,1,1575,301.8844960192864
2023-09-28,Tablet,North,Home Office,1285,2,2570,300.8279275884022
2023-09-28,Laptop,South,Home Office,978,4,3912,817.9428282456444
2023-09-28,Phone,East,Corporate,586,1,586,70.69699124861876
2023-09-28,Phone,East,Corporate,1013,2,2026,472.84223119418436
2023-09-29,Laptop,East,Consumer,1242,1,1242,308.58701117271175
2023-09-29,Laptop,East,Corporate,1837,1,1837,201.8161218641496
2023-09-29,Headphones,East,Corporate,1064,3,3192,565.021062770985
2023-09-29,Tablet,West,Corporate,723,2,1446,291.22429014545605
2023-09-29,Tablet,North,Consumer,681,1,681,91.33587317346796
2023-09-30,Phone,East,Consumer,871,3,2613,274.1791658629423
2023-09-30,Phone,East,Home Office,1492,1,1492,270.91614771166957
2023-09-30,Phone,South,Corporate,1102,4,4408,1165.3335469389588
2023-09-30,Phone,East,Consumer,946,3,2838,589.8448567319381
2023-09-30,Headphones,East,Consumer,780,3,2340,439.51314925667003
2023-09-30,Tablet,East,Home Office,709,2,1418,340.7451451755211
2023-10-01,Laptop,North,Corporate,1711,2,3422,977.7034067127465
2023-10-01,Phone,South,Corporate,584,1,584,97.90537698265886
2023-10-01,Headphones,North,Home Office,1469,1,1469,251.28243163080785
2023-10-01,Laptop,North,Consumer,1869,2,3738,603.2616701607695
2023-10-02,Headphones,North,Corporate,770,3,2310,278.36848958124426
2023-10-02,Headphones,North,Home Office,1447,3,4341,1207.52047114506
2023-10-02,Headphones,West,Home Office,1246,1,1246,341.242593407293
2023-10-02,Tablet,South,Corporate,857,2,1714,492.8303486993678
2023-10-03,Laptop,East,Corporate,1032,4,4128,1165.0210859492001
2023-10-03,Tablet,North,Corporate,1825,3,5475,1239.4087743753391
2023-10-03,Laptop,West,Consumer,1794,2,3588,901.7695638152813
2023-10-04,Phone,West,Consumer,1385,1,1385,154.2896613518857
2023-10-04,Tablet,North,Consumer,1347,2,2694,295.8037027105222
2023-10-04,Phone,East,Corporate,872,1,872,181.61364413628542
2023-10-04,Laptop,East,Home Office,715,1,715,75.30499634910883
2023-10-04,Tablet,North,Home Office,1487,4,5948,1446.1024049096363
2023-10-04,Laptop,North,Corporate,1565,4,6260,981.3150246880195
2023-10-04,Phone,South,Corporate,1036,1,1036,281.50194216677363
2023-10-05,Tablet,South,Corporate,1447,1,1447,175.27520997292055
2023-10-05,Tablet,South,Consumer,813,2,1626,415.24584691622454
2023-10-05,Phone,South,Corporate,1525,4,6100,1430.8546617029247
2023-10-06,Tablet,West,Consumer,1732,3,5196,1515.1235322885664
2023-10-06,Headphones,North,Corporate,604,3,1812,467.1071534790738
2023-10-06,Tablet,East,Corporate,1459,4,5836,639.7177720173847
2023-10-06,Laptop,North,Home Office,1981,3,5943,1754.4758483636108
2023-10-06,Headphones,West,Home Office,742,2,1484,414.0587227592356
2023-10-06,Tablet,North,Corporate,1204,3,3612,717.6370003786366
2023-10-07,Tablet,North,Home Office,896,2,1792,180.03270875768382
2023-10-07,Phone,East,Consumer,1501,2,3002,639.1822864067091
2023-10-07,Tablet,East,Home Office,506,1,506,141.2565520338917
2023-10-07,Laptop,West,Home Office,1525,1,1525,339.67337225726675
2023-10-07,Headphones,West,Corporate,1175,4,4700,1106.2108410122441
2023-10-07,Laptop,West,Home Office,1635,2,3270,387.83338565778945
2023-10-08,Tablet,North,Corporate,1094,1,1094,132.86025985281705
2023-10-08,Tablet,South,Home Office,1632,4,6528,1749.528586955664
2023-10-08,Headphones,West,Consumer,1989,2,3978,496.94374427326767
2023-10-09,Phone,South,Consumer,883,4,3532,797.337708238379
2023-10-09,Tablet,North,Corporate,1101,1,1101,205.00261709237432
2023-10-09,Headphones,East,Home Office,1596,3,4788,1428.379470819672
2023-10-09,Laptop,South,Corporate,1409,3,4227,1002.3499888287995
2023-10-10,Tablet,South,Home Office,1446,4,5784,896.5486568138845
2023-10-10,Laptop,East,Home Office,1752,2,3504,618.6896430537195
2023-10-10,Headphones,North,Home Office,769,3,2307,266.82839075926785
2023-10-10,Laptop,North,Corporate,1629,4,6516,1877.5865197543494
2023-10-11,Laptop,North,Corporate,1956,1,1956,381.0586345189939
2023-10-11,Phone,North,Corporate,1196,1,1196,271.05633903506873
2023-10-11,Phone,North,Home Office,889,4,3556,918.4173080801964
2023-10-12,Headphones,South,Corporate,1964,1,1964,519.675804042756
2023-10-12,Headphones,East,Corporate,1125,2,2250,303.2823994633015
2023-10-12,Phone,North,Corporate,1453,3,4359,590.5149170949638
2023-10-12,Headphones,North,Consumer,1497,1,1497,229.09211991029665
2023-10-12,Phone,North,Consumer,1019,4,4076,1035.3213054371915
2023-10-12,Laptop,South,Consumer,1426,1,1426,417.6335423470634
2023-10-12,Headphones,North,Corporate,1078,2,2156,307.533535214995
2023-10-13,Tablet,South,Consumer,752,2,1504,178.2325891535091
2023-10-13,Phone,South,Home Office,929,4,3716,680.8908153690564
2023-10-13,Laptop,East,Home Office,810,3,2430,379.79796899114683
2023-10-13,Laptop,South,Consumer,671,4,2684,658.9096954685194
2023-10-13,Tablet,South,Corporate,557,2,1114,269.27241399707145
2023-10-13,Headphones,West,Home Office,1906,1,1906,477.58545750483546
2023-10-13,Phone,East,Home Office,1977,2,3954,818.3194179351669
2023-10-14,Tablet,South,Consumer,625,4,2500,466.03364253330886
2023-10-14,Tablet,West,Corporate,1309,4,5236,953.9390408210352
2023-10-14,Phone,East,Home Office,1877,2,3754,491.33535076044114
2023-10-14,Headphones,West,Corporate,1055,2,2110,327.9549164905578
2023-10-14,Phone,South,Home Office,754,1,754,123.65842985357868
2023-10-14,Headphones,South,Consumer,1378,1,1378,190.81065768521898
2023-10-14,Headphones,North,Home Office,1272,3,3816,963.4340783013142
2023-10-15,Tablet,East,Corporate,526,2,1052,215.6923793210866
2023-10-15,Phone,South,Consumer,666,4,2664,648.9867162878186
2023-10-15,Tablet,North,Home Office,866,4,3464,909.7447807049394
2023-10-15,Phone,West,Consumer,605,4,2420,275.54496215053473
2023-10-15,Laptop,South,Consumer,1033,3,3099,847.2737939631901
2023-10-16,Tablet,East,Consumer,517,2,1034,114.92454744296359
2023-10-16,Phone,West,Consumer,1050,1,1050,205.83853820499647
2023-10-16,Laptop,North,Corporate,1892,2,3784,984.4591379738589
2023-10-17,Headphones,South,Home Office,1948,4,7792,1743.4552974619337
2023-10-17,Laptop,East,Corporate,1709,2,3418,910.3669579601592
2023-10-17,Phone,South,Corporate,1622,2,3244,676.6597603846759
2023-10-17,Tablet,West,Home Office,1627,2,3254,930.6020846234148
2023-10-18,Laptop,South,Consumer,750,1,750,99.68490876440023
2023-10-18,Phone,North,Consumer,725,3,2175,623.181960264085
2023-10-18,Tablet,South,Home Office,1522,2,3044,903.8098057137776
2023-10-18,Phone,East,Consumer,1926,3,5778,1074.5285003551903
2023-10-18,Laptop,West,Consumer,1334,3,4002,631.8648689712295
2023-10-18,Headphones,North,Consumer,1614,4,6456,1439.0417030815045
2023-10-18,Phone,West,Consumer,1820,2,3640,381.95972690547467
2023-10-19,Phone,West,Home Office,1697,1,1697,250.81581266380053
2023-10-19,Phone,East,Home Office,1053,1,1053,109.43860226648616
2023-10-19,Phone,North,Home Office,1269,4,5076,514.7996083285415
2023-10-19,Phone,East,Home Office,1755,2,3510,1039.1433678871822
2023-10-19,Phone,South,Consumer,1827,1,1827,227.13456176578006
2023-10-20,Phone,North,Corporate,1672,1,1672,205.91015946477097
2023-10-20,Tablet,South,Home Office,697,3,2091,531.881829933232
2023-10-20,Headphones,West,Consumer,1540,3,4620,1098.8036232350255
2023-10-20,Phone,West,Home Office,575,3,1725,445.50219643787005
2023-10-21,Laptop,North,Home Office,1592,3,4776,1019.621752303789
2023-10-21,Phone,West,Home Office,1172,3,3516,805.2695385771952
2023-10-21,Laptop,East,Home Office,1866,1,1866,191.83021794072448
2023-10-21,Laptop,East,Home Office,1525,3,4575,1005.9131072292595
2023-10-21,Phone,North,Consumer,840,1,840,203.9026514576868
2023-10-21,Laptop,South,Corporate,1909,1,1909,483.0338308770306
2023-10-21,Phone,North,Consumer,1846,1,1846,382.68525461886105
2023-10-22,Laptop,East,Consumer,1324,3,3972,908.0476532681995
2023-10-22,Phone,North,Corporate,1728,1,1728,450.5564569687957
2023-10-22,Tablet,West,Consumer,967,3,2901,409.93126118455814
2023-10-22,Headphones,South,Consumer,699,4,2796,585.4351553131149
2023-10-22,Headphones,West,Corporate,1383,4,5532,881.6853740101628
2023-10-22,Phone,East,Consumer,1441,4,5764,680.9830336316994
2023-10-22,Headphones,West,Home Office,1695,1,1695,204.0413045963564
2023-10-23,Laptop,West,Home Office,1491,2,2982,713.7445716274751
2023-10-23,Laptop,East,Consumer,713,4,2852,692.2718254871725
2023-10-23,Headphones,South,Consumer,645,3,1935,355.22110669101494
2023-10-23,Laptop,West,Home Office,1027,3,3081,407.22211284551736
2023-10-24,Laptop,East,Consumer,1281,3,3843,773.3190907811037
2023-10-24,Laptop,North,Consumer,1802,1,1802,310.4799687957811
2023-10-24,Phone,South,Consumer,1287,2,2574,694.0549705790306
2023-10-24,Tablet,West,Consumer,965,3,2895,485.55590165621425
2023-10-25,Tablet,West,Corporate,1596,1,1596,457.9052464024977
2023-10-25,Phone,North,Home Office,1230,2,2460,636.6259016800706
2023-10-25,Laptop,South,Consumer,1341,2,2682,682.9271498530686
2023-10-26,Tablet,West,Corporate,944,1,944,178.8597836522621
2023-10-26,Laptop,West,Home Office,1795,3,5385,1124.5049879828077
2023-10-26,Headphones,South,Home Office,520,2,1040,172.3821065313256
2023-10-26,Headphones,North,Consumer,1657,4,6628,1028.5977666051679
2023-10-26,Laptop,South,Consumer,936,1,936,138.07123472708653
2023-10-27,Phone,East,Consumer,1268,1,1268,178.78273344465097
2023-10-27,Phone,East,Home Office,736,2,1472,388.107669978954
2023-10-27,Phone,South,Home Office,1313,3,3939,963.2301199710005
2023-10-27,Headphones,East,Home Office,1117,4,4468,606.3252836939943
2023-10-27,Headphones,West,Corporate,995,4,3980,1149.2380402407634
2023-10-27,Phone,East,Consumer,1710,4,6840,731.4021710255754
2023-10-28,Laptop,South,Consumer,1007,3,3021,899.7295178054967
2023-10-28,Headphones,South,Corporate,585,3,1755,246.43040856636878
2023-10-28,Headphones,East,Home Office,932,4,3728,822.2822612229866
2023-10-28,Phone,East,Home Office,895,3,2685,421.370334760551
2023-10-29,Laptop,East,Consumer,1887,2,3774,845.7963081333066
2023-10-29,Headphones,West,Corporate,1317,2,2634,599.1836271010179
2023-10-29,Phone,East,Home Office,1423,4,5692,1686.081535746179
2023-10-29,Headphones,North,Home Office,1752,2,3504,468.21716279648575
2023-10-29,Phone,South,Corporate,1404,3,4212,568.5222278505522
2023-10-29,Headphones,West,Home Office,1434,2,2868,576.670864101217
2023-10-29,Tablet,East,Consumer,520,2,1040,254.45270323074433
2023-10-30,Headphones,South,Consumer,871,4,3484,359.4455636671714
2023-10-30,Tablet,North,Consumer,1783,4,7132,1410.639601471808
2023-10-30,Laptop,North,Home Office,1942,1,1942,446.48248512166174
2023-10-30,Phone,North,Home Office,1252,4,5008,870.7821903182419
2023-10-30,Tablet,South,Corporate,713,2,1426,302.76675359951776
2023-10-31,Headphones,North,Corporate,1269,3,3807,832.5881710067575
2023-10-31,Laptop,West,Home Office,721,4,2884,513.0728437653117
2023-10-31,Phone,North,Corporate,1849,3,5547,654.348670384766
2023-10-31,Tablet,South,Consumer,779,2,1558,399.70355209673204
2023-10-31,Tablet,East,Home Office,1737,2,3474,445.53612138885205
2023-10-31,Phone,West,Consumer,1886,4,7544,1676.1657334350716
2023-11-01,Phone,East,Corporate,1245,3,3735,946.6575456041757
2023-11-01,Phone,West,Home Office,1729,2,3458,891.4344477133953
2023-11-01,Headphones,South,Corporate,1760,1,1760,317.14155499429984
2023-11-01,Tablet,West,Consumer,1492,1,1492,229.1541166318834
2023-11-01,Headphones,East,Home Office,1186,2,2372,309.02911460327874
2023-11-01,Phone,East,Home Office,1435,4,5740,1503.1562370136137
2023-11-01,Tablet,West,Home Office,1985,1,1985,246.684654045802
2023-11-02,Phone,South,Consumer,1530,2,3060,863.7411915244421
2023-11-02,Tablet,West,Home Office,866,2,1732,509.92828180838654
2023-11-02,Tablet,West,Home Office,1371,3,4113,732.6845036192404
2023-11-02,Tablet,North,Home Office,865,2,1730,361.2675966792329
2023-11-02,Phone,North,Home Office,709,1,709,94.550444129045
2023-11-02,Phone,North,Corporate,1292,3,3876,1078.9800503825193
2023-11-03,Headphones,South,Home Office,823,3,2469,265.28007771633474
2023-11-03,Headphones,North,Home Office,1428,4,5712,708.8384339537058
2023-11-03,Phone,South,Home Office,604,2,1208,324.3572362227107
2023-11-03,Phone,West,Corporate,1262,4,5048,1412.9480876412342
2023-11-03,Tablet,South,Corporate,1212,3,3636,411.323291322909
2023-11-04,Phone,South,Home Office,1211,1,1211,271.73307691587496
2023-11-04,Laptop,East,Corporate,1759,3,5277,1400.3763259067662
2023-11-04,Tablet,West,Home Office,756,3,2268,400.95836323892485
2023-11-05,Laptop,South,Consumer,797,2,1594,255.97891952335877
2023-11-05,Tablet,East,Corporate,1722,3,5166,846.9355815379373
2023-11-05,Headphones,South,Consumer,1846,4,7384,1730.8871918183183
2023-11-05,Phone,West,Corporate,1825,2,3650,936.5342384080278
2023-11-05,Headphones,East,Home Office,1174,1,1174,155.81715155675195
2023-11-05,Headphones,South,Consumer,1742,4,6968,1208.7257420904173
2023-11-05,Headphones,East,Home Office,772,1,772,158.14492885102655
2023-11-06,Phone,West,Consumer,1532,1,1532,439.19778211998647
2023-11-06,Laptop,North,Consumer,1352,1,1352,143.12256941516435
2023-11-06,Headphones,East,Consumer,564,4,2256,387.77203066606467
2023-11-06,Phone,West,Corporate,1468,1,1468,239.40625247354944
2023-11-06,Tablet,West,Corporate,1420,1,1420,152.6688091904905
2023-11-06,Tablet,South,Corporate,663,3,1989,366.57714840259354
2023-11-07,Headphones,South,Consumer,1297,4,5188,775.5675893275127
2023-11-07,Laptop,West,Home Office,1758,3,5274,967.998996443095
2023-11-07,Headphones,East,Corporate,1342,4,5368,1176.9432063698289
2023-11-08,Headphones,East,Home Office,895,3,2685,288.65288909457826
2023-11-08,Tablet,East,Corporate,1073,4,4292,813.3342127204717
2023-11-08,Laptop,North,Corporate,1504,1,1504,353.0218374646059
2023-11-08,Headphones,North,Consumer,629,1,629,142.08150285853122
2023-11-08,Phone,West,Home Office,722,4,2888,579.7483454191587
2023-11-08,Headphones,South,Consumer,1546,4,6184,1368.3783494846396
2023-11-08,Phone,East,Consumer,1856,3,5568,1382.3213776194088
2023-11-09,Headphones,South,Home Office,1321,1,1321,177.98404648333658
2023-11-09,Tablet,North,Home Office,598,3,1794,344.309772921774
2023-11-09,Phone,West,Home Office,561,1,561,85.95731268219537
2023-11-09,Tablet,South,Corporate,1905,4,7620,1392.4262579408073
2023-11-09,Tablet,North,Corporate,836,2,1672,315.32281799410873
2023-11-09,Phone,South,Home Office,1251,4,5004,941.3555965504221
2023-11-09,Phone,North,Consumer,1134,2,2268,319.1126387393437
2023-11-10,Headphones,North,Home Office,875,4,3500,366.51437744655715
2023-11-10,Phone,North,Consumer,1116,4,4464,489.05920238755874
2023-11-10,Headphones,West,Home Office,1412,3,4236,592.3257236442352
2023-11-10,Phone,West,Consumer,1626,2,3252,843.7878583947357
2023-11-10,Phone,South,Home Office,615,3,1845,308.61157315804974
2023-11-10,Headphones,South,Consumer,1841,1,1841,532.9934795125126
2023-11-11,Headphones,South,Corporate,1255,2,2510,619.8504293003829
2023-11-11,Phone,West,Consumer,1343,1,1343,342.3716936764045
2023-11-11,Tablet,West,Consumer,1290,1,1290,375.24107732283704
2023-11-12,Headphones,South,Corporate,1715,4,6860,1677.7353877510911
2023-11-12,Tablet,South,Home Office,1816,2,3632,1089.2134783487543
2023-11-12,Phone,West,Consumer,1577,4,6308,1691.9269288492733
2023-11-12,Tablet,South,Consumer,1513,2,3026,604.6975830905628
2023-11-12,Headphones,East,Corporate,1200,3,3600,525.8844514904863
2023-11-12,Headphones,South,Consumer,1567,4,6268,1486.883870583555
2023-11-12,Laptop,East,Corporate,1351,4,5404,600.232890147033
2023-11-13,Tablet,East,Corporate,814,1,814,206.1619884747431
2023-11-13,Tablet,West,Corporate,766,2,1532,397.23282218638474
2023-11-13,Laptop,South,Home Office,1813,4,7252,1475.2480961722295
2023-11-13,Headphones,West,Corporate,703,1,703,172.59536278176742
2023-11-13,Tablet,South,Consumer,998,4,3992,407.2215096741776
2023-11-13,Phone,West,Corporate,1191,4,4764,1273.6360449577992
2023-11-14,Laptop,West,Consumer,1661,3,4983,907.7196198224985
2023-11-14,Laptop,North,Consumer,792,4,3168,552.3957867012833
2023-11-14,Laptop,East,Home Office,733,1,733,214.4696420154891
2023-11-15,Tablet,South,Home Office,1852,4,7408,1716.2848405106251
2023-11-15,Headphones,West,Consumer,1152,3,3456,586.7392319575767
2023-11-15,Laptop,East,Consumer,1919,2,3838,997.175455094552
2023-11-16,Headphones,South,Consumer,1882,3,5646,1171.0746380523449
2023-11-16,Phone,East,Home Office,528,2,1056,308.3063356956454
2023-11-16,Tablet,North,Consumer,1928,4,7712,1905.5789465090663
2023-11-16,Tablet,South,Consumer,728,2,1456,213.33424465771776
2023-11-16,Tablet,West,Corporate,1072,2,2144,246.7367410657076
2023-11-16,Tablet,East,Corporate,1886,1,1886,211.73890945531505
2023-11-16,Phone,East,Corporate,1849,1,1849,391.6009082519854
2023-11-17,Headphones,South,Home Office,1676,1,1676,355.022607246387
2023-11-17,Tablet,South,Corporate,1533,4,6132,1533.333371664181
2023-11-17,Laptop,North,Consumer,839,1,839,85.32555809028976
2023-11-17,Phone,North,Corporate,1298,3,3894,820.8317969652004
2023-11-17,Phone,North,Consumer,1421,1,1421,310.81492788751194
2023-11-17,Laptop,North,Corporate,1529,4,6116,754.3341315055926
2023-11-17,Phone,North,Home Office,1100,2,2200,467.328788354221
2023-11-18,Laptop,South,Consumer,648,2,1296,312.80349213776293
2023-11-18,Headphones,West,Consumer,1019,4,4076,817.6812630084838
2023-11-18,Tablet,North,Corporate,1602,2,3204,375.90594275568793
2023-11-18,Phone,South,Corporate,612,3,1836,447.6239395294136
2023-11-18,Laptop,South,Consumer,910,1,910,173.62050761471048
2023-11-18,Headphones,East,Home Office,1126,3,3378,664.0327376486639
2023-11-19,Headphones,East,Corporate,511,4,2044,518.8112455457838
2023-11-19,Tablet,North,Consumer,1864,1,1864,538.4960628424236
2023-11-19,Headphones,East,Consumer,1237,2,2474,375.2526821662591
2023-11-19,Headphones,South,Home Office,1386,3,4158,487.9401652829489
2023-11-19,Laptop,North,Consumer,633,1,633,76.19386376702566
2023-11-20,Headphones,North,Consumer,1602,2,3204,449.1220970338583
2023-11-20,Headphones,West,Corporate,752,2,1504,296.3099310701228
2023-11-20,Phone,North,Corporate,1047,2,2094,547.7198120249893
2023-11-21,Headphones,South,Corporate,1050,3,3150,574.5711755395436
2023-11-21,Headphones,East,Consumer,1664,2,3328,963.6979069945802
2023-11-21,Headphones,West,Consumer,627,3,1881,409.0685445581321
2023-11-21,Laptop,South,Corporate,1753,3,5259,1361.1707320300043
2023-11-21,Tablet,South,Home Office,1579,3,4737,945.0592740044087
2023-11-22,Headphones,West,Corporate,1945,3,5835,1624.7416474329702
2023-11-22,Phone,East,Home Office,1093,4,4372,794.6055461997768
2023-11-22,Phone,West,Corporate,1566,2,3132,407.02039528491747
2023-11-22,Phone,South,Consumer,1918,1,1918,411.3280712583116
2023-11-22,Laptop,East,Corporate,1736,4,6944,1799.8363164373238
2023-11-22,Laptop,West,Home Office,895,2,1790,320.2493042827316
2023-11-22,Laptop,South,Corporate,1364,4,5456,1426.964825100875
2023-11-23,Tablet,West,Home Office,810,1,810,179.4104241331882
2023-11-23,Laptop,West,Corporate,1205,4,4820,733.6313694405576
2023-11-23,Laptop,North,Home Office,1446,3,4338,702.2081644606192
2023-11-23,Laptop,North,Corporate,1818,2,3636,619.3633796196453
2023-11-23,Tablet,East,Corporate,1710,2,3420,490.96206840901687
2023-11-23,Tablet,South,Corporate,1939,4,7756,1523.730301782921
2023-11-23,Phone,East,Consumer,555,1,555,145.28329783272574
2023-11-24,Laptop,South,Home Office,1466,4,5864,852.8691645613748
2023-11-24,Phone,South,Corporate,1084,4,4336,906.2963356320968
2023-11-24,Headphones,West,Consumer,1975,1,1975,289.1710382571352
2023-11-24,Phone,South,Corporate,798,3,2394,438.15331627814174
2023-11-25,Headphones,South,Home Office,1530,4,6120,968.4244609158679
2023-11-25,Laptop,East,Consumer,986,3,2958,736.976076845892
2023-11-25,Laptop,North,Corporate,713,2,1426,147.5305503665112
2023-11-25,Laptop,North,Corporate,1297,3,3891,746.7862094401974
2023-11-25,Phone,East,Consumer,701,4,2804,367.32886068731597
2023-11-26,Headphones,North,Consumer,1925,1,1925,284.1780646527895
2023-11-26,Phone,West,Consumer,1990,1,1990,425.93451188832216
2023-11-26,Laptop,East,Consumer,893,1,893,246.8619446687405
2023-11-26,Laptop,West,Home Office,940,1,940,148.03167636295072
2023-11-26,Phone,West,Consumer,1738,3,5214,703.0668919644465
2023-11-26,Headphones,North,Home Office,1685,3,5055,975.8226928860095
2023-11-26,Laptop,North,Consumer,1199,2,2398,270.73456386607506
2023-11-27,Laptop,South,Consumer,1965,2,3930,801.810715798882
2023-11-27,Laptop,East,Corporate,1551,4,6204,1409.6798714658019
2023-11-27,Phone,West,Home Office,603,2,1206,298.3148499728995
2023-11-27,Laptop,East,Corporate,1629,3,4887,835.6919211215676
2023-11-28,Laptop,East,Consumer,1661,3,4983,1433.8276563511383
2023-11-28,Headphones,South,Consumer,853,3,2559,678.5895942852437
2023-11-28,Phone,West,Consumer,832,1,832,197.74270878563263
2023-11-28,Tablet,North,Home Office,1120,3,3360,435.4961583764935
2023-11-28,Phone,North,Corporate,1491,3,4473,926.280769948559
2023-11-28,Headphones,East,Consumer,956,2,1912,506.40007781690724
2023-11-28,Laptop,East,Corporate,1208,2,2416,266.7613866861176
2023-11-29,Tablet,West,Consumer,1653,1,1653,183.38850620000136
2023-11-29,Headphones,South,Corporate,1292,3,3876,937.8253709336235
2023-11-29,Tablet,West,Corporate,1301,3,3903,991.5405744662912
2023-11-30,Phone,South,Corporate,1629,4,6516,1532.6844421232763
2023-11-30,Laptop,West,Corporate,552,4,2208,626.4191078436824
2023-11-30,Phone,North,Corporate,646,3,1938,234.92117377796362
2023-11-30,Tablet,North,Home Office,1799,4,7196,2036.1072339048487
2023-12-01,Phone,South,Corporate,1677,2,3354,945.454809835772
2023-12-01,Tablet,East,Corporate,1258,4,5032,1013.9571526739352
2023-12-01,Phone,South,Corporate,1882,1,1882,447.8496380066707
2023-12-02,Laptop,South,Home Office,976,3,2928,723.4961442079498
2023-12-02,Laptop,West,Home Office,1651,3,4953,566.530794173671
2023-12-02,Phone,North,Home Office,658,2,1316,193.1684864291341
2023-12-02,Headphones,East,Home Office,1024,1,1024,139.192569437254
2023-12-02,Headphones,North,Consumer,1942,1,1942,226.4040234136165
2023-12-03,Headphones,South,Corporate,955,3,2865,535.5705789853374
2023-12-03,Phone,South,Corporate,1179,2,2358,361.0511113617509
2023-12-03,Laptop,North,Consumer,829,3,2487,515.1373147035629
2023-12-03,Phone,South,Home Office,1342,2,2684,379.44882272668406
2023-12-03,Laptop,North,Home Office,949,3,2847,546.9557043655432
2023-12-03,Tablet,North,Corporate,519,3,1557,391.083018597418
2023-12-03,Laptop,South,Home Office,1627,2,3254,847.0418810359744
2023-12-04,Phone,North,Home Office,752,3,2256,613.1093224365143
2023-12-04,Headphones,East,Home Office,1759,3,5277,903.6983330560889
2023-12-04,Headphones,North,Corporate,998,1,998,196.2200225405832
2023-12-04,Laptop,West,Consumer,1662,4,6648,951.1417024834874
2023-12-05,Headphones,West,Home Office,1183,4,4732,566.7737314959332
2023-12-05,Phone,West,Home Office,712,4,2848,607.130149465962
2023-12-05,Headphones,East,Consumer,880,1,880,155.2737683225505
2023-12-05,Laptop,North,Corporate,605,1,605,122.40246388823245
2023-12-05,Phone,East,Home Office,1380,1,1380,151.62047958048828
2023-12-06,Laptop,South,Corporate,1905,2,3810,613.9041545891719
2023-12-06,Laptop,North,Corporate,1392,4,5568,609.0995807931783
2023-12-06,Headphones,North,Consumer,651,2,1302,168.48269425590235
2023-12-06,Phone,East,Home Office,1123,4,4492,1125.4500606228567
2023-12-06,Headphones,East,Home Office,1791,4,7164,1231.9571176320724
2023-12-06,Headphones,East,Consumer,676,3,2028,354.94031879712276
2023-12-07,Tablet,South,Consumer,1454,4,5816,1328.5026253816861
2023-12-07,Tablet,West,Corporate,1105,1,1105,298.4449167770431
2023-12-07,Tablet,East,Home Office,1245,2,2490,536.3778945224
2023-12-08,Phone,West,Home Office,656,3,1968,345.9766959389393
2023-12-08,Headphones,South,Consumer,1589,2,3178,658.8677328880549
2023-12-08,Headphones,North,Corporate,572,2,1144,222.52535517643415
2023-12-09,Tablet,North,Consumer,771,2,1542,163.78141136739035
2023-12-09,Headphones,North,Home Office,1204,2,2408,574.9709394108902
2023-12-09,Phone,South,Corporate,994,1,994,189.9783723326138
2023-12-09,Phone,North,Home Office,1122,1,1122,120.90659764116235
2023-12-09,Tablet,East,Consumer,632,3,1896,451.2577924382963
2023-12-09,Headphones,North,Home Office,610,1,610,73.35568710738278
2023-12-09,Phone,West,Consumer,828,2,1656,220.83232585063558
2023-12-10,Phone,East,Home Office,1262,1,1262,135.39378188935416
2023-12-10,Laptop,West,Home Office,1575,1,1575,330.96752157886027
2023-12-10,Laptop,South,Home Office,1574,1,1574,377.90319163558786
2023-12-10,Tablet,North,Home Office,1823,2,3646,814.4323640498103
2023-12-11,Tablet,West,Consumer,1879,4,7516,1707.8361293288283
2023-12-11,Laptop,West,Home Office,901,2,1802,341.88718601903133
2023-12-11,Laptop,East,Consumer,767,1,767,137.26343719352448
2023-12-11,Headphones,North,Corporate,805,2,1610,186.22131175804836
2023-12-11,Tablet,West,Consumer,1537,1,1537,195.3510151187269
2023-12-11,Tablet,West,Consumer,888,1,888,253.9449976553929
2023-12-12,Phone,South,Corporate,643,1,643,122.82897611081415
2023-12-12,Phone,North,Corporate,1868,4,7472,769.8763230549727
2023-12-12,Tablet,West,Corporate,1744,4,6976,1325.5124535087903
2023-12-13,Headphones,South,Corporate,1806,2,3612,493.34352171501
2023-12-13,Laptop,West,Home Office,1079,2,2158,247.92330539806335
2023-12-13,Phone,North,Consumer,823,4,3292,935.6935458396911
2023-12-13,Laptop,North,Corporate,1626,3,4878,739.3202886971682
2023-12-13,Headphones,East,Consumer,1519,2,3038,697.586852523827
2023-12-14,Headphones,East,Home Office,1225,3,3675,395.4123361636608
2023-12-14,Tablet,West,Consumer,1575,4,6300,1498.4919447445548
2023-12-14,Laptop,East,Corporate,1752,2,3504,937.9177151575504
2023-12-14,Tablet,South,Home Office,1627,4,6508,912.9410721965238
2023-12-14,Headphones,East,Corporate,1577,4,6308,1025.3541921832857
2023-12-14,Tablet,South,Consumer,1789,2,3578,988.5912524978243
2023-12-14,Tablet,West,Corporate,1048,3,3144,380.4853395743358
2023-12-15,Tablet,North,Consumer,1579,4,6316,1647.6857599387433
2023-12-15,Laptop,East,Corporate,880,4,3520,431.7419061575388
2023-12-15,Laptop,North,Corporate,1958,2,3916,456.1617386452736
2023-12-15,Laptop,West,Corporate,1508,1,1508,248.67120538935453
2023-12-15,Tablet,South,Home Office,1253,2,2506,528.328033075167
2023-12-16,Tablet,North,Consumer,1404,1,1404,357.8097222743484
2023-12-16,Tablet,North,Consumer,850,4,3400,371.55396249028547
2023-12-16,Laptop,East,Home Office,1619,2,3238,651.2630570718101
2023-12-16,Laptop,North,Home Office,1748,4,6992,2044.9716585300125
2023-12-17,Headphones,East,Corporate,1158,3,3474,568.6604265366728
2023-12-17,Phone,West,Consumer,1368,4,5472,1345.9906504148173
2023-12-17,Phone,South,Consumer,1514,3,4542,1100.1830585766857
2023-12-17,Tablet,North,Home Office,1359,2,2718,403.22318626595495
2023-12-18,Tablet,West,Home Office,1286,1,1286,321.42946207272735
2023-12-18,Tablet,West,Corporate,1679,2,3358,853.2260283553335
2023-12-18,Headphones,West,Corporate,1424,1,1424,421.916275178216
2023-12-18,Laptop,North,Home Office,1872,4,7488,1090.403125946612
2023-12-18,Tablet,East,Home Office,1269,1,1269,163.6838753803912
2023-12-18,Phone,South,Home Office,1038,1,1038,261.0414514603022
2023-12-18,Laptop,North,Home Office,1398,3,4194,640.0347457196547
2023-12-19,Tablet,East,Corporate,1637,3,4911,853.549216774254
2023-12-19,Phone,East,Corporate,1857,1,1857,532.582927235586
2023-12-19,Phone,North,Home Office,1722,3,5166,912.4855289152888
2023-12-19,Phone,East,Corporate,1546,4,6184,706.5323058193283
2023-12-19,Phone,South,Consumer,1294,3,3882,471.5964822686827
2023-12-19,Laptop,West,Home Office,1486,3,4458,1289.3210210701698
2023-12-19,Phone,North,Home Office,1903,1,1903,558.7093046506451
2023-12-20,Headphones,North,Consumer,1569,4,6276,1158.9989959307065
2023-12-20,Headphones,North,Consumer,623,2,1246,260.1343779533505
2023-12-20,Tablet,West,Consumer,1398,2,2796,765.4335727813252
2023-12-20,Phone,North,Home Office,1525,4,6100,1561.0544999302194
2023-12-20,Headphones,East,Corporate,1688,2,3376,375.41275899561293
2023-12-20,Tablet,East,Home Office,1805,1,1805,473.78133040222804
2023-12-21,Laptop,North,Home Office,805,2,1610,452.0728869911443
2023-12-21,Phone,East,Corporate,1860,4,7440,2205.4171544409915
2023-12-21,Phone,West,Consumer,640,1,640,96.80542404725985
2023-12-21,Phone,North,Corporate,697,1,697,115.25216988281329
2023-12-21,Tablet,South,Consumer,1358,2,2716,514.92844830882
2023-12-21,Headphones,East,Corporate,824,2,1648,482.50671757932287
2023-12-21,Phone,West,Home Office,1437,4,5748,657.2628057920186
2023-12-22,Phone,North,Consumer,756,1,756,167.22929138873548
2023-12-22,Phone,North,Corporate,960,3,2880,795.4583528532715
2023-12-22,Laptop,East,Consumer,1681,1,1681,351.2892228430821
2023-12-23,Tablet,West,Consumer,767,1,767,224.25007172498294
2023-12-23,Phone,North,Consumer,1292,1,1292,170.7283294309507
2023-12-23,Phone,East,Consumer,815,3,2445,422.55519679549616
2023-12-24,Laptop,West,Consumer,1889,4,7556,1320.0940957901632
2023-12-24,Laptop,West,Corporate,1142,3,3426,546.4954549052468
2023-12-24,Headphones,North,Corporate,1816,2,3632,684.1591386446249
2023-12-24,Laptop,West,Home Office,746,4,2984,338.0307149452248
2023-12-25,Headphones,South,Corporate,1237,1,1237,203.04936704607212
2023-12-25,Laptop,South,Consumer,1905,1,1905,343.9177303447732
2023-12-25,Tablet,South,Home Office,1038,2,2076,296.6873133025512
2023-12-25,Phone,East,Home Office,511,2,1022,219.96696701642747
2023-12-25,Headphones,North,Home Office,736,3,2208,449.7664977344934
2023-12-25,Phone,North,Corporate,1603,3,4809,1367.6675543833028
2023-12-25,Headphones,East,Consumer,611,4,2444,438.1003259059433
2023-12-26,Laptop,East,Corporate,1929,1,1929,465.52268489073873
2023-12-26,Tablet,East,Consumer,1313,1,1313,134.8496355483465
2023-12-26,Headphones,West,Consumer,1421,1,1421,358.2240411036581
2023-12-27,Laptop,North,Corporate,1161,3,3483,958.0780329148698
2023-12-27,Headphones,West,Consumer,1951,4,7804,1389.2462893281574
2023-12-27,Phone,North,Corporate,960,3,2880,396.90872857632894
2023-12-27,Headphones,East,Corporate,863,4,3452,413.8921945551126
2023-12-28,Laptop,North,Consumer,1995,3,5985,1032.7322583655587
2023-12-28,Laptop,East,Home Office,1404,3,4212,784.2601321425306
2023-12-28,Headphones,South,Corporate,1072,3,3216,694.5057854217245
2023-12-28,Phone,East,Home Office,1985,4,7940,832.4391985429775
2023-12-29,Headphones,South,Corporate,546,2,1092,169.96263365583076
2023-12-29,Tablet,West,Home Office,622,2,1244,295.0828269152497
2023-12-29,Laptop,North,Corporate,1348,3,4044,526.1604628247273
2023-12-29,Phone,South,Corporate,1464,3,4392,629.6496599761286
2023-12-29,Headphones,East,Corporate,715,3,2145,245.036321380459
2023-12-29,Tablet,South,Home Office,1056,4,4224,858.4306829890157
2023-12-29,Tablet,North,Corporate,1694,4,6776,1082.6193934439632
2023-12-30,Headphones,West,Corporate,1331,4,5324,1005.0178593664783
2023-12-30,Headphones,South,Consumer,1574,1,1574,273.1546383585506
2023-12-30,Laptop,West,Home Office,1085,3,3255,903.505278635216
2023-12-31,Laptop,East,Consumer,685,3,2055,541.5193504428294
2023-12-31,Laptop,East,Home Office,966,1,966,97.65172461583462
2023-12-31,Headphones,North,Consumer,1389,2,2778,319.5494247854671
2023-12-31,Phone,South,Home Office,916,2,1832,466.0936015501029
2024-01-01,Laptop,East,Consumer,1752,3,5256,730.6983916094496
2024-01-01,Phone,North,Corporate,1750,2,3500,772.80349841765
2024-01-01,Laptop,North,Home Office,950,1,950,277.5358028172653
2024-01-01,Phone,East,Corporate,1289,2,2578,572.8107179072705
2024-01-01,Tablet,South,Consumer,832,2,1664,444.8272060103566
2024-01-01,Tablet,East,Corporate,1946,1,1946,308.0187719727181
2024-01-01,Laptop,South,Home Office,579,3,1737,351.82931518841116
2024-01-02,Laptop,West,Corporate,971,2,1942,405.56073506258974
2024-01-02,Laptop,East,Home Office,1063,2,2126,521.0732600633851
2024-01-02,Tablet,East,Consumer,1491,1,1491,351.4764399791807
2024-01-03,Headphones,North,Home Office,1072,4,4288,1229.2233098341792
2024-01-03,Tablet,South,Consumer,1162,2,2324,358.6896547633824
2024-01-03,Headphones,West,Consumer,1274,1,1274,344.06095203855625
2024-01-04,Laptop,West,Home Office,631,2,1262,371.41072845736466
2024-01-04,Laptop,North,Corporate,1133,2,2266,535.4377243107333
2024-01-04,Tablet,South,Corporate,1684,1,1684,231.02245024649275
2024-01-04,Headphones,North,Consumer,1771,3,5313,1349.1217633427711
2024-01-04,Phone,South,Home Office,1565,4,6260,1562.9477634526318
2024-01-04,Laptop,East,Home Office,1741,1,1741,403.1420532086
2024-01-05,Phone,North,Home Office,1749,1,1749,270.7597480785557
2024-01-05,Laptop,North,Corporate,1210,4,4840,565.9399934699209
2024-01-05,Tablet,North,Home Office,1417,3,4251,812.9261617000731
2024-01-05,Headphones,West,Consumer,666,4,2664,453.39981242782153
2024-01-06,Laptop,North,Consumer,972,1,972,109.10051834311041
2024-01-06,Phone,West,Corporate,989,1,989,108.13425737607636
2024-01-06,Headphones,North,Corporate,1207,2,2414,532.8877425183402
2024-01-06,Tablet,East,Corporate,1677,4,6708,1558.8987366069707
2024-01-07,Tablet,North,Consumer,1132,1,1132,236.03908245405535
2024-01-07,Headphones,South,Corporate,1995,2,3990,928.7057159052723
2024-01-07,Headphones,East,Consumer,1554,3,4662,832.2488184367002
2024-01-08,Headphones,West,Consumer,665,4,2660,286.05501170486076
2024-01-08,Tablet,West,Corporate,1044,2,2088,333.26122508264274
2024-01-08,Headphones,South,Home Office,1136,3,3408,965.5839387961732
2024-01-08,Headphones,North,Home Office,1160,2,2320,232.59597344443588
2024-01-08,Laptop,East,Consumer,1439,1,1439,254.10937862352742
2024-01-09,Laptop,East,Consumer,703,2,1406,406.0516489670239
2024-01-09,Laptop,East,Corporate,1188,2,2376,659.0748910915385
2024-01-09,Phone,North,Home Office,1548,2,3096,483.64094986761404
2024-01-09,Headphones,East,Corporate,1189,1,1189,193.22288050189252
2024-01-10,Laptop,North,Home Office,1283,3,3849,865.8674979336747
2024-01-10,Phone,North,Home Office,1246,1,1246,169.1671942721436
2024-01-10,Laptop,West,Corporate,1319,1,1319,216.45744080355354
2024-01-10,Laptop,North,Home Office,844,1,844,229.74243791531413
2024-01-11,Headphones,North,Home Office,532,1,532,125.66373188811937
2024-01-11,Headphones,West,Consumer,988,2,1976,553.7453966954989
2024-01-11,Tablet,East,Consumer,1540,4,6160,1017.115955263422
2024-01-11,Tablet,North,Corporate,1334,3,4002,1138.2078612225366
2024-01-11,Phone,North,Consumer,1418,3,4254,445.72066997432665
2024-01-11,Laptop,North,Consumer,1194,4,4776,680.9565920512257
2024-01-11,Phone,West,Consumer,1385,4,5540,1089.7424506403884
2024-01-12,Phone,West,Corporate,1256,3,3768,431.9978872553292
2024-01-12,Laptop,West,Home Office,1988,4,7952,1934.443826264275
2024-01-12,Laptop,East,Consumer,540,3,1620,437.3797472151304
2024-01-12,Tablet,West,Home Office,568,1,568,92.76553966264065
2024-01-12,Phone,North,Home Office,1731,1,1731,412.9477749656744
2024-01-12,Headphones,North,Home Office,832,1,832,112.2552565858484
2024-01-13,Phone,West,Corporate,914,1,914,267.74541952984265
2024-01-13,Laptop,North,Home Office,1654,3,4962,1022.0485707642678
2024-01-13,Tablet,East,Home Office,1041,3,3123,482.3696236783006
2024-01-13,Tablet,North,Corporate,1972,1,1972,225.73770245317922
2024-01-13,Laptop,East,Home Office,758,4,3032,656.3646362989161
2024-01-14,Laptop,East,Home Office,1888,2,3776,1055.4389684958264
2024-01-14,Laptop,West,Consumer,1172,1,1172,293.18523018854216
2024-01-14,Tablet,East,Corporate,603,4,2412,625.0875191195446
2024-01-15,Tablet,South,Corporate,1106,3,3318,392.8409212811428
2024-01-15,Laptop,South,Home Office,1839,2,3678,696.813995376379
2024-01-15,Headphones,East,Consumer,1802,3,5406,1292.3133828967748
2024-01-15,Phone,North,Consumer,1829,4,7316,2093.5946468620414
2024-01-15,Headphones,West,Corporate,1488,2,2976,380.7616814658735
2024-01-16,Laptop,East,Home Office,606,4,2424,498.1108936122957
2024-01-16,Headphones,East,Consumer,1397,4,5588,1536.259435936738
2024-01-16,Laptop,North,Corporate,902,4,3608,779.2083863436347
2024-01-16,Headphones,West,Consumer,1579,2,3158,824.7797266889935
2024-01-16,Tablet,West,Corporate,1973,1,1973,215.62272045351773
2024-01-17,Phone,South,Consumer,919,1,919,173.83413380143065
2024-01-17,Headphones,North,Home Office,975,2,1950,291.41036875816195
2024-01-17,Laptop,South,Corporate,844,1,844,186.13068940743247
2024-01-17,Phone,West,Home Office,955,1,955,170.28358602391117
2024-01-17,Headphones,North,Consumer,1210,1,1210,248.73583708982832
2024-01-17,Phone,East,Home Office,1964,1,1964,478.83216386631847
2024-01-17,Phone,South,Consumer,1545,1,1545,246.75130912848869
2024-01-18,Phone,East,Home Office,966,1,966,251.79844360368406
2024-01-18,Tablet,North,Consumer,637,2,1274,288.55391717444445
2024-01-18,Headphones,North,Home Office,1563,3,4689,927.6869980196914
2024-01-18,Tablet,South,Corporate,1920,1,1920,452.6979234163996
2024-01-18,Tablet,East,Consumer,943,1,943,175.1881695526497
2024-01-18,Tablet,East,Consumer,1238,4,4952,1423.0596371621414
2024-01-18,Tablet,North,Home Office,980,4,3920,1019.720530155844
2024-01-19,Laptop,South,Consumer,1698,4,6792,1197.0627678493925
2024-01-19,Tablet,West,Corporate,517,4,2068,556.0448091436041
2024-01-19,Phone,North,Home Office,1925,1,1925,369.40837262957217
2024-01-19,Tablet,North,Home Office,1397,1,1397,322.2290977278407
2024-01-19,Tablet,East,Home Office,1029,1,1029,214.2349672716796
2024-01-19,Tablet,South,Corporate,1768,3,5304,1439.219127253456
2024-01-19,Tablet,East,Consumer,1644,4,6576,782.6183572421887
2024-01-20,Phone,East,Corporate,1689,1,1689,222.36909729676333
2024-01-20,Laptop,East,Consumer,1609,2,3218,861.4902696411567
2024-01-20,Phone,South,Consumer,1841,3,5523,1037.7802942823657
2024-01-20,Tablet,East,Corporate,1216,4,4864,708.6571490520807
2024-01-20,Phone,West,Corporate,890,1,890,91.42789255878684
2024-01-20,Phone,South,Consumer,770,4,3080,490.1837461261229
2024-01-21,Laptop,South,Corporate,1891,3,5673,829.7882499968907
2024-01-21,Laptop,East,Home Office,1002,2,2004,316.5841763571709
2024-01-21,Phone,North,Consumer,1145,4,4580,1349.4005556670484
2024-01-21,Phone,South,Corporate,1335,3,4005,639.0010770914677
2024-01-21,Phone,West,Home Office,540,4,2160,601.3761196724441
2024-01-22,Tablet,South,Consumer,1893,4,7572,1343.348538074193
2024-01-22,Headphones,North,Corporate,665,2,1330,254.62329161879882
2024-01-22,Laptop,West,Home Office,1042,1,1042,275.63982802720653
2024-01-22,Headphones,East,Home Office,1669,3,5007,983.1779673584958
2024-01-23,Laptop,East,Home Office,662,4,2648,639.6423949407707
2024-01-23,Tablet,West,Home Office,880,2,1760,348.6399517989642
2024-01-23,Tablet,North,Home Office,1501,1,1501,216.48851255523016
2024-01-24,Tablet,West,Consumer,742,1,742,93.5441892696751
2024-01-24,Laptop,East,Home Office,1103,3,3309,864.0959658504614
2024-01-24,Headphones,South,Home Office,694,3,2082,228.72837942717837
2024-01-24,Laptop,North,Consumer,912,2,1824,226.63743309741307
2024-01-24,Tablet,North,Corporate,895,3,2685,364.32801199082724
2024-01-24,Headphones,East,Home Office,580,4,2320,525.9273513253985
2024-01-24,Phone,East,Consumer,1122,4,4488,600.3450453313469
2024-01-25,Laptop,East,Consumer,1519,4,6076,652.9912883564864
2024-01-25,Laptop,East,Home Office,626,1,626,135.87466161383276
2024-01-25,Phone,East,Home Office,739,2,1478,339.2962733061032
2024-01-25,Laptop,North,Consumer,996,4,3984,510.64410362804625
2024-01-25,Phone,West,Corporate,1469,3,4407,1025.5107239737936
2024-01-25,Phone,West,Home Office,1402,2,2804,618.570174574861
2024-01-26,Phone,East,Corporate,594,4,2376,712.6770525770456
2024-01-26,Tablet,South,Corporate,1210,4,4840,788.8553641802466
2024-01-26,Headphones,East,Consumer,632,3,1896,293.8404336110877
2024-01-26,Phone,North,Corporate,1734,2,3468,509.10606717443255
2024-01-26,Phone,East,Consumer,758,3,2274,243.7240232407265
2024-01-27,Laptop,North,Consumer,796,2,1592,245.33413480671595
2024-01-27,Phone,East,Consumer,720,3,2160,513.3425753205742
2024-01-27,Headphones,West,Corporate,768,3,2304,616.9978813474106
2024-01-27,Laptop,South,Consumer,1618,1,1618,384.06999737261685
2024-01-27,Laptop,West,Home Office,693,2,1386,312.5143251335526
2024-01-27,Tablet,West,Home Office,1772,2,3544,428.4556485152055
2024-01-27,Phone,South,Corporate,720,1,720,204.8504263064352
2024-01-28,Tablet,West,Consumer,1013,4,4052,951.4155616773811
2024-01-28,Phone,North,Corporate,1271,1,1271,288.9473388297888
2024-01-28,Tablet,West,Corporate,627,3,1881,301.14387099759875
2024-01-29,Headphones,North,Corporate,1213,3,3639,976.5683784311744
2024-01-29,Headphones,South,Consumer,1884,4,7536,1876.6822573724908
2024-01-29,Phone,North,Consumer,624,4,2496,659.7673474729321
2024-01-29,Tablet,West,Corporate,742,2,1484,384.0282304617326
2024-01-30,Tablet,North,Corporate,1398,2,2796,430.0540063126175
2024-01-30,Phone,South,Home Office,511,3,1533,453.68654704166534
2024-01-30,Headphones,South,Corporate,525,3,1575,189.71324851409156
2024-01-31,Phone,North,Home Office,1106,3,3318,644.7594475437888
2024-01-31,Headphones,East,Corporate,1260,3,3780,510.80825726424985
2024-01-31,Headphones,East,Home Office,500,3,1500,250.8938182514867
2024-02-01,Laptop,North,Corporate,1999,3,5997,1357.4507474771149
2024-02-01,Headphones,West,Corporate,674,3,2022,581.5489783772091
2024-02-01,Headphones,North,Corporate,1966,3,5898,983.0407018422975
2024-02-01,Laptop,West,Corporate,1877,3,5631,1030.3005228096563
2024-02-01,Phone,South,Consumer,818,3,2454,384.0503750255694
2024-02-01,Phone,South,Home Office,1282,2,2564,505.6503074876948
2024-02-02,Laptop,West,Consumer,791,1,791,187.16160679507763
2024-02-02,Headphones,East,Consumer,1618,2,3236,357.2840668429683
2024-02-02,Headphones,South,Corporate,1600,4,6400,934.8388250910094
2024-02-02,Laptop,South,Corporate,830,4,3320,933.1336940417236
2024-02-02,Headphones,South,Consumer,753,3,2259,490.09312600679425
2024-02-03,Phone,South,Corporate,1868,4,7472,2173.4507303988235
2024-02-03,Headphones,East,Corporate,1638,1,1638,325.90580238917727
2024-02-03,Phone,South,Consumer,1317,2,2634,329.48273204853393
2024-02-03,Phone,East,Corporate,964,2,1928,350.2163874599328
2024-02-03,Tablet,South,Home Office,1519,3,4557,612.1964839506194
2024-02-04,Headphones,South,Home Office,1896,1,1896,234.32234551230937
2024-02-04,Laptop,West,Consumer,1491,2,2982,373.9046647968788
2024-02-04,Phone,North,Consumer,1830,2,3660,935.7682341272995
2024-02-05,Phone,North,Corporate,1703,4,6812,863.139105142363
2024-02-05,Tablet,West,Consumer,764,1,764,158.75627761597843
2024-02-05,Phone,West,Corporate,806,2,1612,281.75784126585694
2024-02-05,Laptop,North,Corporate,953,3,2859,460.54645564904456
2024-02-06,Tablet,East,Consumer,686,3,2058,482.4777931234002
2024-02-06,Headphones,West,Home Office,1899,3,5697,776.2165411754382
2024-02-06,Phone,South,Corporate,670,2,1340,343.9217447736162
2024-02-06,Laptop,East,Corporate,1996,3,5988,1463.4396094499205
2024-02-06,Laptop,East,Corporate,553,3,1659,433.2328501452633
2024-02-07,Laptop,East,Consumer,1079,4,4316,1124.370437804485
2024-02-07,Headphones,East,Home Office,1391,1,1391,219.26392417327355
2024-02-07,Headphones,North,Home Office,990,1,990,110.16746883663652
2024-02-07,Tablet,East,Consumer,734,3,2202,318.76948509925126
2024-02-07,Phone,West,Consumer,1131,3,3393,478.2188848380357
2024-02-08,Phone,West,Corporate,1839,2,3678,658.3548430158683
2024-02-08,Laptop,South,Corporate,1252,2,2504,408.99552549327655
2024-02-08,Headphones,North,Consumer,1939,4,7756,1655.149519191771
2024-02-08,Headphones,South,Home Office,517,1,517,90.70785532300292
2024-02-08,Laptop,South,Corporate,1971,1,1971,220.17512775155575
2024-02-08,Phone,East,Corporate,1223,3,3669,925.145180494344
2024-02-08,Laptop,North,Consumer,1223,2,2446,519.9365520453837
2024-02-09,Tablet,West,Consumer,797,1,797,218.58155190651246
2024-02-09,Phone,South,Home Office,864,3,2592,436.42312795360243
2024-02-09,Phone,East,Consumer,1757,3,5271,659.7208229760073
2024-02-09,Phone,East,Corporate,1703,3,5109,831.005428180991
2024-02-10,Laptop,North,Corporate,1363,4,5452,821.346871619417
2024-02-10,Phone,North,Corporate,887,2,1774,231.56311677907007
2024-02-10,Laptop,South,Corporate,1707,4,6828,1680.253020935376
2024-02-11,Tablet,North,Consumer,984,3,2952,834.3567998550874
2024-02-11,Headphones,East,Corporate,1389,4,5556,830.2943281557197
2024-02-11,Headphones,South,Consumer,1019,4,4076,578.9353408826944
2024-02-11,Phone,East,Home Office,1151,4,4604,492.3885436071548
2024-02-11,Tablet,East,Corporate,666,4,2664,460.92204069950617
2024-02-11,Headphones,North,Home Office,1705,2,3410,414.63038961158986
2024-02-11,Tablet,North,Corporate,1616,1,1616,371.4307415476394
2024-02-12,Tablet,West,Home Office,1284,1,1284,284.73931617432504
2024-02-12,Phone,North,Consumer,1542,3,4626,1212.3491426574312
2024-02-12,Tablet,East,Consumer,1215,1,1215,125.86376089128669
2024-02-12,Laptop,West,Home Office,1608,2,3216,602.6493666490344
2024-02-13,Headphones,West,Consumer,536,1,536,143.26039005966737
2024-02-13,Phone,East,Consumer,1179,2,2358,249.1639416008042
2024-02-13,Laptop,North,Home Office,636,2,1272,307.48735755922496
2024-02-13,Tablet,North,Consumer,1161,2,2322,693.4207657072706
2024-02-13,Headphones,East,Home Office,1206,3,3618,706.7791043178262
2024-02-13,Phone,South,Consumer,645,3,1935,346.6532491509262
2024-02-14,Tablet,North,Home Office,1069,4,4276,478.24777077517876
2024-02-14,Headphones,East,Consumer,881,4,3524,497.6408000997211
2024-02-14,Phone,North,Corporate,1896,3,5688,1333.8614870613073
2024-02-14,Headphones,West,Consumer,539,3,1617,197.59572282231358
2024-02-14,Phone,South,Consumer,1921,1,1921,357.9995197219474
2024-02-15,Laptop,East,Home Office,1028,2,2056,455.59288506225903
2024-02-15,Phone,East,Consumer,1230,4,4920,952.2740992622581
2024-02-15,Laptop,North,Home Office,867,3,2601,640.4812213560627
2024-02-15,Headphones,East,Corporate,1320,2,2640,772.0959751160182
2024-02-16,Laptop,South,Consumer,1279,4,5116,836.215537471333
2024-02-16,Tablet,North,Consumer,656,2,1312,269.696652197837
2024-02-16,Laptop,West,Consumer,1923,4,7692,785.1156656136015
2024-02-16,Laptop,North,Corporate,847,2,1694,497.31176457409657
2024-02-16,Laptop,South,Home Office,1225,3,3675,482.40360721873634
2024-02-16,Headphones,East,Corporate,1218,2,2436,526.5351345092698
2024-02-17,Phone,East,Home Office,1419,3,4257,562.4375188702031
2024-02-17,Tablet,South,Consumer,1568,4,6272,1458.7496029410233
2024-02-17,Headphones,North,Corporate,591,2,1182,348.81466058054116
2024-02-17,Headphones,North,Consumer,1887,3,5661,1648.7616712356373
2024-02-18,Phone,West,Home Office,1239,3,3717,957.6179865000843
2024-02-18,Tablet,West,Corporate,1518,1,1518,412.40215809545856
2024-02-18,Tablet,North,Consumer,937,2,1874,505.97534991974504
2024-02-18,Laptop,South,Corporate,1242,1,1242,176.1870799640818
2024-02-18,Tablet,North,Consumer,1029,3,3087,309.6783594935184
2024-02-18,Tablet,North,Home Office,799,3,2397,609.9938332213201
2024-02-18,Tablet,West,Corporate,1831,3,5493,1401.1648927313145
2024-02-19,Headphones,North,Home Office,1107,2,2214,226.5037190226619
2024-02-19,Tablet,South,Home Office,504,1,504,81.51017097121422
2024-02-19,Laptop,North,Home Office,510,1,510,57.53243943420843
2024-02-19,Headphones,West,Corporate,1504,3,4512,752.4345763264158
2024-02-19,Tablet,East,Home Office,706,2,1412,352.24198914178305
2024-02-20,Laptop,West,Consumer,733,1,733,159.45537270026944
2024-02-20,Laptop,South,Corporate,675,2,1350,200.3293716321139
2024-02-20,Phone,East,Home Office,1355,1,1355,323.7964177952363
2024-02-20,Tablet,North,Consumer,939,4,3756,930.6961199499401
2024-02-20,Phone,East,Consumer,1155,4,4620,1148.4385042269512
2024-02-20,Laptop,East,Consumer,1002,2,2004,599.4381640828452
2024-02-20,Phone,North,Home Office,1906,3,5718,1270.9478801793102
2024-02-21,Phone,East,Consumer,799,2,1598,177.61757167111685
2024-02-21,Headphones,North,Home Office,1229,2,2458,565.3854489803903
2024-02-21,Laptop,East,Home Office,1040,2,2080,411.8417683179669
2024-02-21,Headphones,North,Home Office,1175,1,1175,125.86180426146372
2024-02-21,Laptop,East,Consumer,988,2,1976,566.8169038028819
2024-02-22,Headphones,North,Consumer,1947,1,1947,560.1823664948013
2024-02-22,Tablet,North,Corporate,567,4,2268,478.8279413639379
2024-02-22,Tablet,North,Consumer,758,4,3032,639.2236535100207
2024-02-22,Tablet,South,Corporate,745,1,745,177.4371721466322
2024-02-22,Phone,North,Consumer,1896,4,7584,2147.7023483975063
2024-02-22,Laptop,North,Consumer,1062,2,2124,404.4471991919955
2024-02-23,Tablet,North,Consumer,556,1,556,158.27090531961616
2024-02-23,Headphones,East,Consumer,960,3,2880,569.7412022683626
2024-02-23,Tablet,North,Consumer,1145,3,3435,712.7054368180674
2024-02-23,Headphones,West,Consumer,1032,3,3096,694.6894096589774
2024-02-24,Tablet,East,Consumer,1444,3,4332,1115.35904226217
2024-02-24,Laptop,South,Home Office,1103,1,1103,173.25072175112672
2024-02-24,Laptop,West,Corporate,575,1,575,124.87299407981435
2024-02-25,Phone,South,Home Office,1755,3,5265,879.6014448542591
2024-02-25,Headphones,West,Home Office,1441,3,4323,767.8698115220426
2024-02-25,Headphones,West,Home Office,862,2,1724,195.1202574794699
2024-02-25,Tablet,South,Corporate,1503,4,6012,681.8735041141662
2024-02-25,Tablet,West,Home Office,1994,1,1994,464.2641227037275
2024-02-25,Headphones,East,Consumer,680,1,680,187.93225291161284
2024-02-25,Tablet,East,Home Office,1783,1,1783,290.47977949838463
2024-02-26,Headphones,West,Consumer,1489,4,5956,832.2326574737729
2024-02-26,Phone,East,Corporate,648,2,1296,305.2368184002148
2024-02-26,Phone,West,Consumer,1916,4,7664,1097.184756024298
2024-02-27,Tablet,East,Consumer,1111,4,4444,460.9730860054591
2024-02-27,Laptop,East,Home Office,906,2,1812,457.63837676219185
2024-02-27,Laptop,East,Home Office,758,3,2274,293.36088730944925
2024-02-27,Phone,West,Home Office,1568,3,4704,478.5558797262993
2024-02-28,Laptop,North,Consumer,1924,2,3848,694.7268855719485
2024-02-28,Tablet,South,Consumer,1938,2,3876,1055.227222572251
2024-02-28,Phone,West,Consumer,819,2,1638,389.0134698066909
2024-02-28,Laptop,West,Consumer,829,4,3316,576.7473156072562
2024-02-28,Tablet,North,Consumer,1140,2,2280,276.37797477626617
2024-02-29,Phone,East,Consumer,770,2,1540,203.61880716297804
2024-02-29,Laptop,West,Home Office,719,1,719,213.69650365414074
2024-02-29,Phone,West,Corporate,595,1,595,100.609877024724
2024-02-29,Phone,East,Home Office,745,3,2235,330.81786176567977
2024-02-29,Laptop,North,Corporate,1651,1,1651,260.5915787791302
2024-02-29,Tablet,West,Home Office,1350,2,2700,542.6324001514658
2024-03-01,Tablet,South,Home Office,1803,1,1803,331.07792427931776
2024-03-01,Headphones,North,Consumer,1964,1,1964,372.8254140332131
2024-03-01,Laptop,West,Home Office,1524,4,6096,1106.7156523807926
2024-03-01,Laptop,East,Home Office,1567,2,3134,383.66334628785563
2024-03-01,Laptop,North,Home Office,973,4,3892,1131.2676077881486
2024-03-02,Tablet,East,Corporate,774,3,2322,649.6098600600673
2024-03-02,Tablet,West,Corporate,1021,3,3063,739.4272943271989
2024-03-02,Tablet,East,Home Office,709,2,1418,159.8395113156556
2024-03-02,Phone,South,Home Office,1834,2,3668,391.9339596813148
2024-03-03,Tablet,West,Consumer,1167,3,3501,450.81289658741565
2024-03-03,Headphones,North,Consumer,1406,4,5624,1244.2724791699175
2024-03-03,Phone,South,Home Office,1783,2,3566,418.6052946857157
2024-03-03,Laptop,East,Corporate,852,4,3408,357.4857491782771
2024-03-04,Headphones,South,Home Office,1679,2,3358,339.778602358908
2024-03-04,Phone,East,Home Office,1211,4,4844,887.1101011537871
2024-03-04,Laptop,West,Consumer,1523,2,3046,449.135358339928
2024-03-05,Laptop,North,Home Office,1203,3,3609,847.4353911976176
2024-03-05,Tablet,West,Consumer,863,4,3452,840.368157089594
2024-03-05,Headphones,North,Home Office,1373,3,4119,1108.1968148128174
2024-03-05,Laptop,West,Consumer,1688,4,6752,1344.6162504097033
2024-03-05,Laptop,West,Consumer,1397,3,4191,1028.1951873322337
2024-03-05,Phone,West,Home Office,620,1,620,88.62831829863632
2024-03-06,Headphones,East,Consumer,1102,4,4408,1151.72472544778
2024-03-06,Headphones,West,Consumer,1594,2,3188,568.1604148689054
2024-03-06,Laptop,East,Consumer,1224,3,3672,807.3725923965821
2024-03-06,Tablet,South,Corporate,1026,2,2052,506.46377712481234
2024-03-07,Headphones,North,Home Office,824,3,2472,707.7657261159148
2024-03-07,Tablet,South,Consumer,1459,2,2918,745.4296980596833
2024-03-07,Headphones,East,Corporate,1981,3,5943,868.2661636760178
2024-03-07,Headphones,East,Consumer,1481,4,5924,1465.1851417663288
2024-03-07,Phone,North,Corporate,847,3,2541,710.7883033626206
2024-03-07,Phone,East,Corporate,904,1,904,95.15462898458807
2024-03-08,Phone,North,Consumer,1570,1,1570,422.78064536049436
2024-03-08,Tablet,South,Corporate,1023,4,4092,1184.8245267987602
2024-03-08,Laptop,West,Corporate,1784,1,1784,277.7930457037793
2024-03-08,Phone,West,Home Office,1373,2,2746,745.752740537235
2024-03-08,Phone,North,Consumer,1040,3,3120,594.2192956684227
2024-03-08,Tablet,North,Corporate,918,3,2754,323.7453210991911
2024-03-08,Headphones,South,Consumer,1796,4,7184,920.4907178109324
2024-03-09,Headphones,West,Corporate,1991,3,5973,1175.0193194655403
2024-03-09,Phone,North,Consumer,1222,4,4888,741.2792362704911
2024-03-09,Headphones,East,Corporate,873,2,1746,437.48370551021236
2024-03-09,Headphones,South,Corporate,632,1,632,68.32035945978309
2024-03-09,Headphones,West,Consumer,1722,4,6888,808.7642315171521
2024-03-09,Phone,South,Consumer,1512,3,4536,777.6899135239477
2024-03-10,Tablet,North,Corporate,569,4,2276,668.2431415508165
2024-03-10,Tablet,South,Corporate,829,4,3316,762.8769532055503
2024-03-10,Laptop,North,Corporate,1739,1,1739,376.814176880648
2024-03-10,Tablet,West,Home Office,1689,2,3378,864.7412871410895
2024-03-10,Laptop,East,Home Office,872,4,3488,990.7294174854135
2024-03-11,Laptop,West,Consumer,1941,4,7764,1152.0653762235506
2024-03-11,Laptop,South,Corporate,1030,2,2060,476.7654365957056
2024-03-11,Laptop,West,Consumer,1560,1,1560,302.73242147977135
2024-03-12,Laptop,West,Corporate,545,4,2180,311.4225088592732
2024-03-12,Tablet,East,Corporate,1244,2,2488,500.4573676616691
2024-03-12,Phone,South,Corporate,1057,3,3171,758.014647675214
2024-03-13,Headphones,North,Consumer,1354,2,2708,767.5005504010438
2024-03-13,Laptop,West,Home Office,1637,1,1637,463.86247366168175
2024-03-13,Phone,East,Home Office,1838,3,5514,918.640817730015
2024-03-13,Tablet,East,Consumer,833,1,833,238.7752952157668
2024-03-13,Laptop,North,Consumer,515,4,2060,490.1570323630898
2024-03-14,Laptop,East,Corporate,917,3,2751,814.5550329402457
2024-03-14,Headphones,West,Home Office,1383,1,1383,277.3863909489474
2024-03-14,Headphones,South,Consumer,520,3,1560,257.41798473824633
2024-03-14,Phone,North,Corporate,1957,3,5871,1211.1707758409495
2024-03-14,Phone,South,Consumer,1147,4,4588,966.9010251311362
2024-03-14,Phone,South,Corporate,1883,4,7532,2067.477984642047
2024-03-15,Headphones,West,Corporate,594,1,594,120.47278663956965
2024-03-15,Headphones,West,Consumer,512,3,1536,187.54057051178955
2024-03-15,Laptop,East,Home Office,792,1,792,210.36205646664155
2024-03-15,Phone,East,Consumer,1261,3,3783,826.5406755344744
2024-03-16,Tablet,South,Home Office,1664,4,6656,1633.5214425866843
2024-03-16,Phone,East,Corporate,1395,2,2790,638.1020846269789
2024-03-16,Headphones,West,Consumer,1019,4,4076,706.3356817980016
2024-03-17,Tablet,West,Consumer,982,2,1964,561.4137110577319
2024-03-17,Headphones,North,Home Office,1702,2,3404,902.317327333196
2024-03-17,Laptop,West,Corporate,583,1,583,90.31189858073584
2024-03-17,Laptop,East,Corporate,1786,2,3572,599.5269313006581
2024-03-17,Headphones,South,Corporate,1097,1,1097,156.70764229489464
2024-03-17,Phone,East,Corporate,1263,3,3789,772.5785055409027
2024-03-18,Tablet,South,Consumer,1932,1,1932,448.812998850082
2024-03-18,Laptop,North,Home Office,649,3,1947,408.67123992550285
2024-03-18,Headphones,North,Home Office,820,2,1640,190.12360232340322
2024-03-19,Laptop,North,Corporate,1600,3,4800,837.6263546906831
2024-03-19,Laptop,East,Consumer,716,4,2864,651.5287129296142
2024-03-19,Tablet,East,Home Office,934,4,3736,887.8479048251972
2024-03-19,Laptop,North,Home Office,1190,4,4760,800.0463654690268
2024-03-19,Tablet,West,Home Office,1343,1,1343,178.71849629284173
2024-03-19,Laptop,West,Consumer,1703,2,3406,372.83746992893026
2024-03-20,Tablet,West,Consumer,868,1,868,234.73284901808202
2024-03-20,Phone,North,Consumer,1004,4,4016,531.3954782254826
2024-03-20,Laptop,East,Consumer,1217,1,1217,142.12076361707653
2024-03-20,Laptop,North,Consumer,1977,3,5931,1324.7681882463073
2024-03-21,Tablet,South,Home Office,1926,3,5778,708.2188954089364
2024-03-21,Headphones,West,Home Office,1565,3,4695,828.1585798835075
2024-03-21,Headphones,West,Corporate,1585,3,4755,594.4493937023256
2024-03-21,Tablet,South,Corporate,909,2,1818,385.5439777536581
2024-03-21,Laptop,West,Corporate,1248,2,2496,303.2406456477898
2024-03-22,Phone,North,Corporate,1425,4,5700,1059.9001901799475
2024-03-22,Phone,South,Consumer,1549,1,1549,331.8949407811752
2024-03-22,Headphones,South,Corporate,763,2,1526,246.517422594006
2024-03-23,Phone,South,Corporate,1691,3,5073,804.1809838926245
2024-03-23,Laptop,South,Corporate,1930,2,3860,614.2327921338791
2024-03-23,Tablet,East,Home Office,1576,4,6304,1607.3730313845176
2024-03-23,Headphones,West,Home Office,1205,2,2410,484.42351824370564
2024-03-23,Tablet,East,Consumer,946,2,1892,289.9427543255361
2024-03-24,Laptop,East,Corporate,1894,4,7576,2024.4273177327932
2024-03-24,Phone,West,Home Office,1778,1,1778,250.5217428391582
2024-03-24,Tablet,South,Consumer,869,3,2607,654.3258203625526
2024-03-24,Phone,North,Consumer,876,1,876,237.22366165877142
2024-03-24,Headphones,West,Home Office,1139,4,4556,520.3175860420665
2024-03-24,Phone,South,Home Office,1992,1,1992,378.9139721267856
2024-03-24,Laptop,East,Home Office,1673,4,6692,1701.871214397707
2024-03-25,Tablet,East,Home Office,1013,4,4052,522.4734995250357
2024-03-25,Laptop,South,Consumer,1120,4,4480,1293.1953639321048
2024-03-25,Laptop,West,Home Office,1442,3,4326,468.7840689000498
2024-03-25,Tablet,West,Corporate,799,3,2397,548.382755686077
2024-03-25,Tablet,West,Home Office,752,2,1504,279.1765617799703
2024-03-25,Tablet,North,Consumer,1689,1,1689,411.83833652475874
2024-03-26,Phone,West,Home Office,1220,1,1220,252.5694038723108
2024-03-26,Headphones,East,Corporate,807,2,1614,412.0886878862748
2024-03-26,Laptop,East,Corporate,1765,4,7060,1385.5588199805784
2024-03-26,Phone,West,Corporate,1261,2,2522,737.2514643238393
2024-03-26,Phone,North,Corporate,1398,4,5592,956.3793648863613
2024-03-27,Laptop,North,Corporate,1333,3,3999,834.5672020110942
2024-03-27,Headphones,South,Corporate,1287,1,1287,293.65585471337545
2024-03-27,Headphones,East,Consumer,1058,1,1058,173.14275742432545
2024-03-28,Laptop,South,Consumer,1977,2,3954,1133.4618487794662
2024-03-28,Phone,West,Consumer,1366,1,1366,212.27580400182842
2024-03-28,Tablet,East,Consumer,864,1,864,132.3466978223109
2024-03-28,Phone,North,Corporate,990,1,990,153.23514438472094
2024-03-28,Tablet,North,Corporate,1410,3,4230,1213.7155519903085
2024-03-28,Laptop,West,Home Office,692,1,692,125.65127387608968
2024-03-29,Laptop,West,Corporate,1148,2,2296,685.0248609312911
2024-03-29,Laptop,North,Consumer,1268,1,1268,337.7338645074498
2024-03-29,Headphones,West,Home Office,1021,4,4084,801.2646649706406
2024-03-29,Phone,East,Corporate,935,4,3740,881.5534113807842
2024-03-30,Phone,East,Home Office,1466,4,5864,1289.2514945689293
2024-03-30,Headphones,South,Home Office,1892,1,1892,250.48838257807265
2024-03-30,Tablet,South,Corporate,1286,3,3858,835.6571883678956
2024-03-31,Phone,North,Consumer,896,4,3584,646.8192027432572
2024-03-31,Headphones,East,Corporate,1035,3,3105,876.1036518466782
2024-03-31,Headphones,South,Consumer,927,2,1854,382.92946945205574
2024-03-31,Headphones,North,Consumer,1323,4,5292,1481.1811446917789
2024-03-31,Tablet,East,Home Office,1779,4,7116,1076.0650482225246
2024-03-31,Laptop,South,Home Office,1526,4,6104,1743.2220728701561
2024-03-31,Headphones,East,Corporate,971,3,2913,381.0563189566135
2024-04-01,Tablet,West,Home Office,776,4,3104,518.2036907404165
2024-04-01,Laptop,South,Home Office,1058,2,2116,270.4925166162494
2024-04-01,Phone,South,Home Office,1455,1,1455,276.5271713075217
2024-04-01,Laptop,South,Consumer,1870,4,7480,1349.1521697921214
2024-04-01,Tablet,East,Home Office,930,2,1860,307.72628013606084
2024-04-01,Headphones,South,Home Office,859,2,1718,259.3504022084906
2024-04-02,Tablet,East,Home Office,1277,3,3831,519.9914414508206
2024-04-02,Laptop,West,Home Office,1022,4,4088,637.8376555107506
2024-04-02,Headphones,South,Corporate,1573,2,3146,740.8620910135634
2024-04-02,Tablet,East,Home Office,1345,1,1345,352.528934891734
2024-04-02,Headphones,West,Consumer,1872,4,7488,2160.906076580294
2024-04-02,Headphones,South,Consumer,1571,2,3142,842.6365434272423
2024-04-02,Laptop,South,Corporate,1778,4,7112,1842.3160726808164
2024-04-03,Phone,East,Corporate,1800,4,7200,2086.1350822644204
2024-04-03,Laptop,North,Consumer,825,2,1650,343.5833145032173
2024-04-03,Headphones,West,Consumer,1940,3,5820,883.0684395534257
2024-04-03,Tablet,West,Consumer,1201,4,4804,1215.9931093820867
2024-04-03,Phone,West,Corporate,1028,3,3084,525.1163404951589
2024-04-03,Headphones,North,Corporate,894,1,894,155.1710759883328
2024-04-03,Headphones,West,Consumer,734,4,2936,754.9939994662894
2024-04-04,Laptop,East,Corporate,1614,2,3228,644.8722933369455
2024-04-04,Laptop,South,Home Office,1742,2,3484,1004.9952935295609
2024-04-04,Phone,East,Home Office,1829,2,3658,1027.6092031773753
2024-04-04,Tablet,East,Home Office,611,1,611,115.01477469042034
2024-04-04,Laptop,West,Consumer,1400,1,1400,317.1495697555808
2024-04-05,Phone,South,Corporate,1121,3,3363,789.6333221815835
2024-04-05,Laptop,East,Consumer,1660,4,6640,1172.5035878227552
2024-04-05,Headphones,East,Home Office,1111,4,4444,1212.237267522208
2024-04-05,Laptop,South,Home Office,867,3,2601,440.99322205795596
2024-04-05,Tablet,East,Consumer,1679,1,1679,432.5503400336045
2024-04-05,Headphones,East,Corporate,1275,2,2550,605.2515757545565
2024-04-05,Tablet,East,Home Office,524,2,1048,253.46867989794265
2024-04-06,Headphones,East,Corporate,1378,2,2756,719.636151534408
2024-04-06,Headphones,South,Home Office,667,2,1334,146.75721582849096
2024-04-06,Laptop,West,Home Office,781,4,3124,746.8352797253154
2024-04-06,Phone,East,Corporate,1248,4,4992,528.6291899610486
2024-04-06,Tablet,East,Consumer,1002,3,3006,526.61415129246
2024-04-06,Phone,East,Home Office,1859,3,5577,1299.2179689293464
2024-04-07,Tablet,North,Consumer,1112,3,3336,490.6637164270666
2024-04-07,Tablet,West,Corporate,858,1,858,216.9443083613197
2024-04-07,Phone,North,Home Office,675,3,2025,480.7056037935925
2024-04-07,Tablet,East,Home Office,580,3,1740,232.16274157451892
2024-04-08,Laptop,West,Consumer,1753,4,7012,921.9076292520998
2024-04-08,Laptop,West,Consumer,1501,3,4503,871.6028522808276
2024-04-08,Laptop,North,Home Office,1269,4,5076,651.3037015411581
2024-04-09,Tablet,North,Home Office,981,3,2943,515.170036098458
2024-04-09,Laptop,South,Consumer,815,3,2445,549.4540102691835
2024-04-09,Headphones,South,Corporate,888,2,1776,506.0401868811748
2024-04-09,Tablet,North,Consumer,1470,2,2940,468.9256899556889
2024-04-09,Laptop,South,Consumer,803,4,3212,321.78190856208835
2024-04-09,Headphones,West,Corporate,1529,2,3058,742.6141611819331
2024-04-09,Headphones,East,Corporate,512,3,1536,338.32452843606563
2024-04-10,Phone,North,Corporate,1703,1,1703,323.07359231489727
2024-04-10,Headphones,South,Corporate,515,3,1545,264.19346768085126
2024-04-10,Laptop,West,Corporate,1932,3,5796,1589.5783296213756
2024-04-10,Laptop,North,Home Office,997,2,1994,463.32213666923093
2024-04-11,Laptop,West,Corporate,1655,1,1655,481.485062814141
2024-04-11,Tablet,North,Consumer,1008,1,1008,173.4046502104099
2024-04-11,Phone,North,Corporate,1455,2,2910,636.6345327826954
2024-04-11,Laptop,West,Home Office,1588,1,1588,277.4663655046493
2024-04-11,Phone,East,Home Office,1675,4,6700,1493.0061901392826
2024-04-11,Laptop,West,Home Office,937,3,2811,327.39668873672133
2024-04-12,Headphones,North,Home Office,1483,3,4449,754.9757028629741
2024-04-12,Phone,West,Home Office,1976,1,1976,393.3495340682807
2024-04-12,Phone,East,Home Office,1641,1,1641,366.14384262091824
2024-04-12,Tablet,South,Corporate,1251,2,2502,715.0820512126872
2024-04-12,Laptop,South,Corporate,577,2,1154,124.495720745022
2024-04-12,Tablet,North,Home Office,1600,4,6400,737.1157007667808
2024-04-13,Laptop,North,Home Office,1021,1,1021,249.18993954492194
2024-04-13,Laptop,South,Corporate,1127,2,2254,446.5838927027997
2024-04-13,Tablet,East,Home Office,1576,2,3152,605.6158072831371
2024-04-14,Headphones,West,Corporate,1880,1,1880,544.8500920106784
2024-04-14,Tablet,South,Corporate,1703,1,1703,247.74561239859415
2024-04-14,Tablet,West,Consumer,870,3,2610,592.0748934902773
2024-04-14,Tablet,North,Home Office,803,3,2409,274.25507458424534
2024-04-14,Headphones,West,Home Office,874,4,3496,677.5669898826307
2024-04-14,Phone,West,Home Office,1912,3,5736,1051.285097586811
2024-04-15,Phone,West,Home Office,1570,1,1570,454.1270508029678
2024-04-15,Phone,South,Corporate,1905,2,3810,570.3330156055574
2024-04-15,Laptop,South,Corporate,632,2,1264,274.74820851459685
2024-04-15,Tablet,West,Consumer,658,4,2632,544.3121972745154
2024-04-16,Headphones,South,Consumer,909,2,1818,488.4100787699935
2024-04-16,Laptop,East,Home Office,613,1,613,73.85356113844344
2024-04-16,Phone,North,Home Office,1183,4,4732,806.7453750607506
2024-04-16,Phone,South,Home Office,1732,2,3464,381.631629608015
2024-04-16,Phone,South,Consumer,1987,2,3974,665.4223843966475
2024-04-17,Laptop,North,Corporate,526,2,1052,200.9352482529198
2024-04-17,Headphones,West,Consumer,573,2,1146,143.90315971890263
2024-04-17,Headphones,South,Consumer,1369,1,1369,178.87248874911307
2024-04-17,Phone,South,Consumer,1329,2,2658,394.3971087097785
2024-04-17,Laptop,West,Consumer,695,3,2085,537.0713639205993
2024-04-18,Tablet,North,Consumer,1912,3,5736,1507.2247797633095
2024-04-18,Tablet,West,Corporate,1178,2,2356,640.4498750456034
2024-04-18,Laptop,West,Consumer,1295,3,3885,469.59662293035814
2024-04-18,Laptop,South,Consumer,1880,2,3760,594.4401773358875
2024-04-19,Laptop,West,Home Office,1903,1,1903,296.3944572777603
2024-04-19,Tablet,West,Consumer,1024,1,1024,181.5435982706314
2024-04-19,Tablet,East,Corporate,1481,1,1481,162.1941416321585
2024-04-19,Laptop,West,Home Office,563,1,563,133.81089881885487
2024-04-20,Tablet,North,Home Office,957,3,2871,746.924811843437
2024-04-20,Phone,North,Corporate,1478,4,5912,616.771755886825
2024-04-20,Headphones,West,Consumer,795,2,1590,188.72280393561306
2024-04-20,Tablet,South,Corporate,1672,3,5016,1286.4994752321215
2024-04-21,Laptop,East,Consumer,552,1,552,86.9212687883325
2024-04-21,Headphones,West,Corporate,616,4,2464,523.6930188536714
2024-04-21,Phone,North,Home Office,1517,3,4551,1198.9693866324433
2024-04-22,Laptop,South,Home Office,1756,4,7024,1131.488049455307
2024-04-22,Phone,South,Consumer,543,3,1629,351.51100631870736
2024-04-22,Phone,North,Home Office,953,1,953,225.99579790192604
2024-04-22,Tablet,South,Corporate,520,4,2080,449.26661320450745
2024-04-22,Tablet,West,Corporate,1594,4,6376,1057.0385011743158
2024-04-22,Tablet,North,Consumer,1409,4,5636,586.8692850560183
2024-04-22,Tablet,South,Corporate,1477,4,5908,942.9670449302662
2024-04-23,Laptop,South,Consumer,1046,2,2092,485.2690405829163
2024-04-23,Tablet,South,Corporate,1224,2,2448,515.0680971559508
2024-04-23,Headphones,West,Home Office,1246,1,1246,326.21140991989313
2024-04-23,Laptop,East,Consumer,1127,4,4508,1056.5778412977536
2024-04-23,Tablet,North,Corporate,1609,4,6436,646.9881106620459
2024-04-24,Phone,South,Consumer,1148,1,1148,173.98059750821398
2024-04-24,Headphones,South,Consumer,677,1,677,70.06009586097701
2024-04-24,Tablet,West,Home Office,1879,1,1879,457.8973350138461
2024-04-25,Laptop,South,Corporate,1272,4,5088,649.5091769649381
2024-04-25,Phone,West,Consumer,1273,4,5092,637.173310658247
2024-04-25,Headphones,East,Home Office,1247,4,4988,1279.8551307252915
2024-04-25,Phone,East,Corporate,714,3,2142,222.06359232402434
2024-04-25,Tablet,East,Corporate,1266,4,5064,937.0318076834011
2024-04-25,Headphones,West,Home Office,716,1,716,109.60094578283325
2024-04-25,Phone,West,Corporate,833,3,2499,570.9848011896869
2024-04-26,Tablet,West,Consumer,1765,4,7060,1188.2080402858694
2024-04-26,Phone,West,Home Office,695,2,1390,213.918233937075
2024-04-26,Phone,South,Consumer,1795,1,1795,386.11175789083853
2024-04-27,Tablet,East,Consumer,1642,1,1642,404.68869672487256
2024-04-27,Tablet,East,Home Office,979,2,1958,491.626819003586
2024-04-27,Tablet,East,Corporate,1124,3,3372,520.2045333329028
2024-04-28,Tablet,West,Home Office,826,3,2478,502.7385573506091
2024-04-28,Phone,East,Consumer,1367,1,1367,384.3974337874919
2024-04-28,Laptop,South,Consumer,847,2,1694,429.73389592784656
2024-04-28,Headphones,North,Home Office,1467,4,5868,588.1278992018533
2024-04-28,Laptop,North,Consumer,1788,2,3576,866.8433961653436
2024-04-28,Headphones,North,Consumer,1784,3,5352,680.5950313735597
2024-04-28,Laptop,South,Consumer,721,4,2884,363.86987402599925
2024-04-29,Headphones,North,Corporate,1494,3,4482,678.115415802893
2024-04-29,Laptop,West,Corporate,1580,4,6320,1467.986946396066
2024-04-29,Phone,West,Home Office,1139,2,2278,627.7278662462535
2024-04-30,Laptop,East,Corporate,1373,4,5492,1261.6723919137698
2024-04-30,Laptop,South,Consumer,1393,2,2786,389.1541083850531
2024-04-30,Tablet,North,Home Office,1965,4,7860,1411.6661197559972
2024-04-30,Laptop,West,Corporate,1579,3,4737,1322.014002585403
2024-04-30,Laptop,North,Corporate,1801,1,1801,198.11802054334416
2024-04-30,Laptop,North,Home Office,585,4,2340,613.5551954682084
2024-05-01,Tablet,South,Corporate,1000,3,3000,369.2399149684969
2024-05-01,Laptop,North,Consumer,1196,2,2392,259.98946823048004
2024-05-01,Laptop,South,Corporate,1151,3,3453,924.3687840000367
2024-05-01,Tablet,South,Consumer,1409,2,2818,597.719979022092
2024-05-01,Laptop,East,Corporate,1368,1,1368,279.50962675437086
2024-05-02,Phone,West,Corporate,881,3,2643,266.9564810789039
2024-05-02,Phone,North,Home Office,1856,1,1856,250.40557511186495
2024-05-02,Headphones,South,Corporate,1606,2,3212,456.0170686841074
2024-05-03,Headphones,North,Home Office,1804,4,7216,1258.8244100125382
2024-05-03,Laptop,West,Corporate,657,1,657,173.74689708754235
2024-05-03,Phone,East,Corporate,824,4,3296,365.79330408838246
2024-05-03,Headphones,North,Corporate,1554,4,6216,845.8577101230605
2024-05-04,Headphones,South,Corporate,910,4,3640,908.7455251451853
2024-05-04,Headphones,West,Consumer,1232,1,1232,177.46809139206482
2024-05-04,Laptop,North,Consumer,1687,1,1687,294.55259549902644
2024-05-04,Tablet,West,Consumer,621,1,621,104.76662614808812
2024-05-04,Tablet,South,Consumer,809,4,3236,432.662677246784
2024-05-04,Headphones,West,Home Office,1796,4,7184,857.7008111870256
2024-05-04,Tablet,South,Consumer,1197,2,2394,365.78445695833983
2024-05-05,Laptop,West,Home Office,514,2,1028,165.43312711955937
2024-05-05,Laptop,North,Consumer,1364,1,1364,310.1577804945799
2024-05-05,Tablet,East,Corporate,1122,1,1122,299.6254528658457
2024-05-05,Tablet,West,Consumer,660,3,1980,288.06950860966066
2024-05-05,Tablet,West,Home Office,1994,3,5982,1539.6807858947661
2024-05-05,Laptop,North,Home Office,739,1,739,173.9755686456185
2024-05-06,Laptop,West,Consumer,834,4,3336,554.3678649092996
2024-05-06,Phone,South,Corporate,885,1,885,179.19985359366814
2024-05-06,Phone,East,Home Office,1293,4,5172,1341.7772414558963
2024-05-06,Headphones,West,Home Office,701,1,701,182.4851158611486
2024-05-06,Laptop,West,Home Office,992,2,1984,424.84965771369326
2024-05-06,Phone,South,Corporate,1291,2,2582,445.35958073736475
2024-05-07,Laptop,South,Home Office,1461,1,1461,234.85080863167295
2024-05-07,Phone,East,Corporate,1438,3,4314,1257.0924981814169
2024-05-07,Tablet,North,Consumer,698,4,2792,541.7015831993266
2024-05-07,Phone,North,Corporate,1298,3,3894,883.3559665080573
2024-05-07,Headphones,West,Home Office,847,2,1694,477.648249513902
2024-05-07,Tablet,South,Home Office,1939,3,5817,923.029548573237
2024-05-07,Headphones,West,Corporate,1626,1,1626,352.3332684079798
2024-05-08,Phone,East,Consumer,1465,4,5860,1564.6476455716252
2024-05-08,Phone,West,Consumer,1317,1,1317,236.39833720412017
2024-05-08,Headphones,East,Home Office,1363,4,5452,741.3589459484682
2024-05-09,Tablet,East,Home Office,1852,2,3704,847.3773607328376
2024-05-09,Headphones,West,Consumer,1545,4,6180,1357.0179864374788
2024-05-09,Phone,East,Corporate,1790,3,5370,552.1215583658246
2024-05-09,Phone,West,Corporate,744,1,744,218.1491525554616
2024-05-09,Phone,South,Home Office,507,4,2028,206.13530209133444
2024-05-10,Tablet,East,Consumer,1215,3,3645,511.9600650150976
2024-05-10,Headphones,North,Consumer,1252,3,3756,1035.0278518061516
2024-05-10,Laptop,West,Consumer,1293,4,5172,732.4689802973729
2024-05-10,Laptop,North,Corporate,507,2,1014,288.37260179092175
2024-05-11,Laptop,East,Corporate,845,3,2535,640.8951511079815
2024-05-11,Tablet,South,Consumer,1942,3,5826,1464.8318561742278
2024-05-11,Headphones,North,Consumer,967,3,2901,814.4657650637615
2024-05-11,Laptop,West,Corporate,1901,1,1901,261.47421430444365
2024-05-11,Phone,South,Home Office,1912,1,1912,469.4969690921498
2024-05-11,Tablet,North,Corporate,571,3,1713,222.05068168281286
2024-05-12,Headphones,South,Consumer,1543,2,3086,863.9919143573231
2024-05-12,Tablet,East,Consumer,1688,2,3376,766.7527190519279
2024-05-12,Phone,West,Corporate,1254,3,3762,769.8030969506431
2024-05-12,Phone,East,Home Office,1142,3,3426,1013.0644071931109
2024-05-12,Phone,West,Consumer,1474,4,5896,1175.690285458882
2024-05-12,Phone,South,Corporate,1401,2,2802,626.5516777809424
2024-05-12,Headphones,East,Corporate,964,4,3856,556.2485070302412
2024-05-13,Headphones,West,Consumer,1806,2,3612,1058.6354602616443
2024-05-13,Tablet,South,Home Office,1284,1,1284,190.3418997244763
2024-05-13,Laptop,South,Home Office,1621,4,6484,1921.0999080738952
2024-05-13,Laptop,South,Corporate,1671,2,3342,562.193053905563
2024-05-13,Tablet,North,Home Office,1057,1,1057,223.24948249278376
2024-05-13,Phone,East,Home Office,1390,1,1390,165.1995724604581
2024-05-14,Phone,West,Corporate,1966,4,7864,2293.3355327303348
2024-05-14,Headphones,East,Corporate,963,3,2889,660.7282598642065
2024-05-14,Tablet,East,Home Office,1024,2,2048,406.74718578286786
2024-05-15,Headphones,West,Home Office,1221,4,4884,593.46596748136
2024-05-15,Tablet,West,Consumer,1503,4,6012,1352.9609913241895
2024-05-15,Headphones,West,Corporate,939,3,2817,593.502214759644
2024-05-16,Laptop,South,Home Office,1695,1,1695,381.3487172582867
2024-05-16,Phone,West,Corporate,1038,4,4152,1127.6432954621002
2024-05-16,Headphones,North,Corporate,794,3,2382,465.6753072403005
2024-05-16,Headphones,West,Consumer,1263,2,2526,369.70044825189603
2024-05-17,Laptop,North,Home Office,1319,1,1319,294.43002914966723
2024-05-17,Headphones,East,Corporate,878,4,3512,439.43036295266023
2024-05-17,Headphones,East,Consumer,1333,4,5332,1464.8845962645012
2024-05-18,Phone,West,Home Office,1980,1,1980,293.99785029933554
2024-05-18,Tablet,East,Consumer,1189,3,3567,661.6370663390697
2024-05-18,Headphones,South,Corporate,1126,4,4504,874.2270477559857
2024-05-19,Laptop,East,Corporate,1755,3,5265,1047.5184557537925
2024-05-19,Tablet,East,Home Office,1484,1,1484,204.08294140028207
2024-05-19,Laptop,West,Consumer,1751,2,3502,972.6053256218137
2024-05-19,Headphones,North,Home Office,1255,1,1255,372.9375120731147
2024-05-19,Tablet,East,Home Office,1126,2,2252,459.97899632235925
2024-05-19,Tablet,West,Home Office,1885,4,7540,994.7219393451684
2024-05-20,Headphones,East,Home Office,1762,4,7048,1378.7255577261649
2024-05-20,Headphones,East,Consumer,1945,3,5835,721.9712056300265
2024-05-20,Phone,South,Consumer,561,3,1683,403.99225416733947
2024-05-21,Laptop,West,Consumer,1040,2,2080,329.29633017213115
2024-05-21,Phone,East,Consumer,1275,2,2550,576.7949268837297
2024-05-21,Phone,North,Consumer,1774,2,3548,492.2771468744056
2024-05-21,Headphones,West,Consumer,792,4,3168,862.0200779018053
2024-05-21,Tablet,East,Corporate,943,1,943,110.11330241564512
2024-05-21,Laptop,South,Consumer,1804,3,5412,936.229659932087
2024-05-21,Phone,North,Home Office,1311,3,3933,643.5766197995459
2024-05-22,Tablet,North,Corporate,654,1,654,175.14763118477993
2024-05-22,Phone,South,Consumer,1492,4,5968,645.1262671182642
2024-05-22,Phone,South,Consumer,885,3,2655,577.6673024147141
2024-05-23,Tablet,East,Consumer,1879,1,1879,443.4852246712256
2024-05-23,Laptop,North,Consumer,1150,2,2300,270.68129017433114
2024-05-23,Headphones,East,Consumer,604,2,1208,195.73156861553775
2024-05-23,Phone,South,Home Office,1350,1,1350,329.1390014732696
2024-05-23,Laptop,East,Corporate,974,4,3896,427.4431360638034
2024-05-24,Laptop,South,Corporate,1069,3,3207,613.0927732157298
2024-05-24,Phone,West,Consumer,1600,1,1600,194.59947279267072
2024-05-24,Laptop,South,Home Office,1169,2,2338,300.9901955555868
2024-05-24,Tablet,East,Corporate,1790,1,1790,385.580986592429
2024-05-24,Phone,South,Consumer,1770,4,7080,1478.5619303915219
2024-05-24,Headphones,South,Corporate,770,4,3080,804.5466138832752
2024-05-24,Tablet,East,Corporate,1977,2,3954,599.8884024039336
2024-05-25,Phone,East,Home Office,1010,1,1010,163.51527899736314
2024-05-25,Headphones,South,Consumer,1060,1,1060,256.36566647400036
2024-05-25,Tablet,West,Corporate,1631,1,1631,393.2653466250917
2024-05-26,Phone,North,Consumer,961,2,1922,354.600831715806
2024-05-26,Phone,South,Home Office,845,1,845,123.83141087603904
2024-05-26,Tablet,West,Consumer,1669,2,3338,743.3361974863902
2024-05-26,Laptop,West,Corporate,1350,3,4050,524.0379287820874
2024-05-26,Laptop,South,Corporate,1657,4,6628,1127.3833001926453
2024-05-26,Phone,South,Corporate,813,2,1626,477.560608698416
2024-05-26,Laptop,South,Consumer,1109,4,4436,876.6354533070866
2024-05-27,Headphones,South,Home Office,565,4,2260,487.40475442234543
2024-05-27,Tablet,West,Home Office,1473,4,5892,1143.4572096675568
2024-05-27,Laptop,East,Consumer,1625,2,3250,570.0174815960769
2024-05-27,Phone,South,Home Office,977,2,1954,542.334071478986
2024-05-28,Headphones,North,Consumer,577,2,1154,218.81574498504122
2024-05-28,Headphones,South,Corporate,1923,4,7692,960.738883316181
2024-05-28,Tablet,North,Corporate,1180,3,3540,683.0672178037506
2024-05-28,Tablet,East,Home Office,598,2,1196,132.28376443033073
2024-05-28,Headphones,South,Home Office,895,2,1790,461.31227190883254
2024-05-29,Headphones,South,Consumer,1182,1,1182,122.75045505387854
2024-05-29,Headphones,South,Consumer,1736,4,6944,1484.7757743278619
2024-05-29,Tablet,North,Home Office,1724,1,1724,395.27931880236775
2024-05-29,Headphones,West,Corporate,1085,3,3255,654.4711537016581
2024-05-30,Phone,West,Consumer,1003,3,3009,418.6519767073311
2024-05-30,Phone,East,Home Office,522,4,2088,455.430241071633
2024-05-30,Phone,West,Home Office,674,3,2022,519.7360397839465
2024-05-31,Laptop,West,Consumer,1397,4,5588,650.7038483602472
2024-05-31,Tablet,West,Home Office,889,3,2667,413.244316441447
2024-05-31,Tablet,West,Corporate,1873,1,1873,479.84192917885247
2024-05-31,Phone,North,Home Office,1566,3,4698,567.120541510393
2024-05-31,Laptop,West,Home Office,835,1,835,195.44905782352043
2024-05-31,Laptop,South,Corporate,1899,4,7596,1350.046197544906
2024-05-31,Phone,East,Home Office,1133,2,2266,509.14216219017163
2024-06-01,Headphones,West,Corporate,1466,3,4398,979.4591269102789
2024-06-01,Phone,North,Home Office,1036,2,2072,509.2570450716868
2024-06-01,Tablet,East,Consumer,1946,1,1946,321.965819836944
2024-06-01,Phone,South,Corporate,1856,2,3712,646.1256982544677
2024-06-02,Laptop,North,Home Office,1432,2,2864,298.13784445170376
2024-06-02,Headphones,East,Corporate,1782,3,5346,1541.9387420542087
2024-06-02,Headphones,North,Home Office,1030,2,2060,385.6491321601355
2024-06-03,Tablet,South,Home Office,1833,3,5499,1551.098911670259
2024-06-03,Phone,West,Home Office,1294,4,5176,885.548051886035
2024-06-03,Tablet,North,Home Office,568,2,1136,251.40267699388127
2024-06-04,Headphones,South,Corporate,512,2,1024,131.31080359875168
2024-06-04,Tablet,West,Consumer,1223,4,4892,623.9533702043709
2024-06-04,Phone,East,Home Office,755,2,1510,329.21515954803016
2024-06-04,Headphones,East,Home Office,945,1,945,135.1767019553456
2024-06-05,Laptop,East,Home Office,1583,1,1583,294.986612028646
2024-06-05,Laptop,South,Home Office,1219,3,3657,565.7399960678478
2024-06-05,Tablet,North,Corporate,676,3,2028,486.1036777457183
2024-06-06,Laptop,North,Consumer,735,2,1470,364.5001333492131
2024-06-06,Phone,West,Home Office,526,2,1052,124.05472752861589
2024-06-06,Laptop,West,Corporate,965,3,2895,626.7986716473146
2024-06-07,Tablet,North,Corporate,1561,1,1561,335.28732205849536
2024-06-07,Headphones,East,Corporate,679,1,679,148.95316169453386
2024-06-07,Headphones,North,Consumer,1669,1,1669,364.55073629397
2024-06-07,Headphones,South,Home Office,967,1,967,271.79917460995347
2024-06-07,Tablet,East,Home Office,1416,3,4248,845.0034753971377
2024-06-07,Tablet,North,Home Office,865,4,3460,669.8458733439279
2024-06-08,Tablet,East,Home Office,526,2,1052,285.78449700037356
2024-06-08,Headphones,East,Corporate,1671,4,6684,1949.3901670404102
2024-06-08,Phone,East,Corporate,1481,1,1481,443.4786980111488
2024-06-08,Headphones,North,Home Office,578,1,578,165.13715187490487
2024-06-08,Headphones,West,Corporate,973,2,1946,373.57404068644814
2024-06-09,Headphones,West,Consumer,1835,2,3670,696.7567606772359
2024-06-09,Headphones,South,Corporate,583,3,1749,318.261499642736
2024-06-09,Tablet,West,Consumer,1397,1,1397,329.096491326534
2024-06-09,Laptop,South,Consumer,1366,4,5464,1505.6949930703256
2024-06-10,Tablet,North,Home Office,1197,1,1197,238.33603227599764
2024-06-10,Laptop,East,Corporate,785,4,3140,741.1297053485331
2024-06-10,Phone,West,Consumer,997,1,997,231.5640100800012
2024-06-10,Laptop,South,Home Office,531,2,1062,194.8446982725996
2024-06-10,Tablet,South,Corporate,1058,2,2116,579.2580599630836
2024-06-10,Laptop,East,Home Office,1542,3,4626,1323.4778680847858
2024-06-11,Tablet,West,Consumer,1227,4,4908,1349.009503514086
2024-06-11,Headphones,South,Consumer,1942,4,7768,786.8906568564449
2024-06-11,Phone,West,Home Office,1786,2,3572,573.9274891166458
2024-06-11,Phone,South,Corporate,1075,4,4300,881.2320344003906
2024-06-11,Phone,East,Home Office,600,4,2400,416.78898340163124
2024-06-11,Headphones,West,Consumer,604,2,1208,303.23070249923217
2024-06-11,Laptop,West,Home Office,1566,1,1566,287.9998166657661
2024-06-12,Headphones,North,Corporate,1551,2,3102,356.2083092222087
2024-06-12,Laptop,West,Home Office,1336,3,4008,1151.649042016387
2024-06-12,Tablet,South,Home Office,748,3,2244,447.32965315286236
2024-06-13,Headphones,West,Home Office,733,4,2932,554.80142969821
2024-06-13,Phone,South,Corporate,1901,2,3802,935.4776640319037
2024-06-13,Phone,South,Consumer,1725,4,6900,786.2646769905741
2024-06-13,Phone,East,Home Office,739,1,739,105.68033575084408
2024-06-13,Laptop,North,Home Office,1274,4,5096,1401.4351942451672
2024-06-13,Headphones,West,Home Office,795,3,2385,523.6486122087913
2024-06-14,Tablet,North,Home Office,1865,1,1865,350.41418728825926
2024-06-14,Phone,South,Corporate,1275,1,1275,343.4141075511669
2024-06-14,Headphones,West,Corporate,1870,2,3740,980.7073180697193
2024-06-15,Laptop,West,Home Office,1935,2,3870,673.9300485472448
2024-06-15,Phone,West,Corporate,1910,1,1910,291.72402518347684
2024-06-15,Phone,West,Corporate,1592,3,4776,1075.9982745386742
2024-06-15,Phone,East,Consumer,1475,4,5900,1368.0627211550016
2024-06-15,Tablet,East,Consumer,729,2,1458,368.02009414302404
2024-06-15,Phone,West,Corporate,1793,2,3586,1040.0696057986993
2024-06-15,Headphones,East,Home Office,581,2,1162,192.6775916852434
2024-06-16,Laptop,West,Corporate,1533,3,4599,1242.886969233899
2024-06-16,Laptop,West,Home Office,1051,1,1051,142.31411091079232
2024-06-16,Headphones,East,Consumer,1667,1,1667,368.0329217406709
2024-06-16,Tablet,East,Corporate,1356,1,1356,192.53351274984897
2024-06-17,Headphones,East,Consumer,512,2,1024,227.59780086847104
2024-06-17,Laptop,South,Consumer,1627,3,4881,506.11794357209357
2024-06-17,Headphones,East,Consumer,1672,1,1672,254.64322700651593
2024-06-17,Phone,West,Corporate,1469,4,5876,1353.0501915364014
2024-06-17,Laptop,North,Corporate,1293,1,1293,202.5643113276772
2024-06-18,Laptop,North,Consumer,1953,4,7812,2241.3205801162158
2024-06-18,Laptop,West,Consumer,1903,3,5709,1308.2634305304143
2024-06-18,Laptop,North,Corporate,653,2,1306,286.6276374154152
2024-06-18,Laptop,West,Corporate,1304,3,3912,549.4585373949645
2024-06-18,Phone,West,Corporate,642,1,642,160.36102503744192
2024-06-19,Headphones,South,Corporate,594,2,1188,238.17090373087808
2024-06-19,Tablet,North,Home Office,1932,2,3864,452.1217105453318
2024-06-19,Phone,North,Home Office,1544,2,3088,521.5250869334477
2024-06-19,Tablet,North,Consumer,1075,1,1075,259.5626025132844
2024-06-19,Laptop,North,Corporate,1645,2,3290,495.09972571914227
2024-06-19,Headphones,South,Consumer,905,2,1810,329.7129529795116
2024-06-19,Headphones,West,Home Office,1661,3,4983,1481.2633650082882
2024-06-20,Tablet,West,Home Office,1859,2,3718,772.8824608857271
2024-06-20,Headphones,North,Home Office,1005,1,1005,124.21377888684218
2024-06-20,Phone,North,Corporate,1962,3,5886,1336.6601918473573
2024-06-20,Tablet,North,Consumer,1467,4,5868,1091.1491792304025
2024-06-21,Headphones,South,Home Office,1031,2,2062,542.974295887597
2024-06-21,Phone,South,Consumer,1975,1,1975,562.7752529664228
2024-06-21,Laptop,South,Consumer,1650,1,1650,184.75862681805728
2024-06-21,Laptop,North,Corporate,1441,4,5764,1690.4766365710886
2024-06-22,Tablet,West,Corporate,859,1,859,223.18081346772843
2024-06-22,Laptop,East,Consumer,1745,2,3490,946.009496125331
2024-06-22,Tablet,East,Corporate,1253,2,2506,741.3266211992394
2024-06-22,Tablet,South,Consumer,1820,2,3640,819.6249130670452
2024-06-22,Headphones,North,Consumer,1272,1,1272,321.43493035286116
2024-06-22,Headphones,East,Home Office,1801,2,3602,691.8269416466104
2024-06-22,Headphones,North,Consumer,975,3,2925,859.673016144544
2024-06-23,Phone,North,Corporate,1603,2,3206,362.8179958829494
2024-06-23,Headphones,East,Consumer,1658,4,6632,1650.488388318703
2024-06-23,Laptop,North,Home Office,1606,1,1606,335.2565008410722
2024-06-23,Phone,South,Consumer,998,2,1996,231.847062178638
2024-06-23,Headphones,South,Home Office,671,3,2013,223.63783507654082
2024-06-24,Laptop,South,Consumer,945,2,1890,512.3736908750719
2024-06-24,Phone,South,Corporate,745,4,2980,662.8766017013005
2024-06-24,Laptop,North,Consumer,829,4,3316,419.1311242818285
2024-06-24,Tablet,North,Home Office,578,1,578,120.01526936671699
2024-06-24,Headphones,West,Corporate,1528,1,1528,297.59585772381837
2024-06-24,Headphones,North,Consumer,1456,3,4368,594.0637641563848
2024-06-25,Phone,West,Consumer,1989,3,5967,688.266445659121
2024-06-25,Phone,South,Home Office,1573,4,6292,975.1446518876518
2024-06-25,Headphones,South,Corporate,1553,2,3106,316.8577588301954
2024-06-25,Headphones,North,Consumer,869,3,2607,742.0610870237599
2024-06-25,Laptop,South,Home Office,870,4,3480,949.0816086402876
2024-06-25,Tablet,East,Home Office,1651,4,6604,1940.5926164809546
2024-06-25,Phone,North,Corporate,1743,4,6972,733.1855153258526
2024-06-26,Phone,North,Corporate,1982,3,5946,975.1570684126077
2024-06-26,Laptop,South,Home Office,510,2,1020,173.7361377592365
2024-06-26,Phone,East,Home Office,1854,3,5562,747.0018445688668
2024-06-26,Headphones,West,Consumer,1735,4,6940,739.2824193120558
2024-06-26,Tablet,West,Consumer,1454,1,1454,349.65679825075614
2024-06-26,Phone,South,Corporate,1029,1,1029,210.67177991979116
2024-06-26,Headphones,South,Home Office,977,4,3908,526.4550275449152
2024-06-27,Phone,South,Home Office,1039,2,2078,266.19068405614917
2024-06-27,Laptop,South,Home Office,966,1,966,225.72728764908052
2024-06-27,Headphones,South,Corporate,1505,3,4515,1116.7010319025678
2024-06-27,Headphones,South,Corporate,1943,2,3886,978.3188125837609
2024-06-28,Headphones,West,Consumer,749,2,1498,356.49066417862565
2024-06-28,Headphones,West,Home Office,685,1,685,103.26090032562509
2024-06-28,Phone,North,Home Office,1358,4,5432,1465.7916787956756
2024-06-28,Headphones,North,Consumer,1274,4,5096,1279.1782108344157
2024-06-28,Tablet,East,Consumer,1606,3,4818,1025.352230539159
2024-06-28,Tablet,North,Consumer,989,3,2967,483.49378911364283
2024-06-28,Tablet,East,Home Office,1610,3,4830,1135.9115644922115
2024-06-29,Laptop,East,Corporate,1872,2,3744,1093.4369411108364
2024-06-29,Tablet,East,Corporate,1770,2,3540,828.6541843785412
2024-06-29,Headphones,West,Corporate,512,3,1536,428.6657334200658
2024-06-29,Tablet,East,Consumer,751,3,2253,432.72333934089147
2024-06-30,Headphones,North,Home Office,1580,1,1580,420.6362004828076
2024-06-30,Tablet,West,Home Office,1818,3,5454,998.8578960206546
2024-06-30,Headphones,West,Corporate,832,4,3328,510.7345473901977
2024-06-30,Phone,West,Home Office,1689,3,5067,1405.7567487177387
2024-07-01,Headphones,North,Corporate,1306,1,1306,211.876811198299
2024-07-01,Laptop,North,Corporate,834,4,3336,444.91447000558094
2024-07-01,Phone,North,Consumer,851,1,851,232.4663575451788
2024-07-01,Headphones,East,Corporate,1905,4,7620,1405.5731799618075
2024-07-01,Headphones,North,Corporate,1668,3,5004,752.2002489406372
2024-07-01,Headphones,South,Consumer,1794,1,1794,413.04780016452884
2024-07-01,Phone,North,Consumer,648,3,1944,392.4115595763553
2024-07-02,Laptop,West,Consumer,951,4,3804,660.5743305345516
2024-07-02,Phone,South,Corporate,1026,4,4104,421.29081833860624
2024-07-02,Tablet,North,Home Office,1486,3,4458,1333.9630978779292
2024-07-02,Laptop,East,Corporate,1788,1,1788,435.7146713654296
2024-07-02,Headphones,North,Home Office,1493,3,4479,851.3594304444329
2024-07-03,Laptop,East,Consumer,1776,2,3552,591.2729605896674
2024-07-03,Tablet,East,Home Office,507,1,507,124.85839265178653
2024-07-03,Tablet,West,Corporate,1411,4,5644,616.3757766586815
2024-07-04,Tablet,South,Home Office,706,1,706,182.05388770648597
2024-07-04,Tablet,West,Corporate,1893,1,1893,385.961126446108
2024-07-04,Tablet,South,Consumer,1462,1,1462,270.00953773353444
2024-07-05,Laptop,West,Consumer,899,4,3596,1042.7673491712428
2024-07-05,Headphones,West,Consumer,806,1,806,182.8375534087547
2024-07-05,Laptop,East,Corporate,744,2,1488,340.32180936623035
2024-07-05,Headphones,South,Corporate,889,1,889,226.81139416096875
2024-07-05,Headphones,East,Home Office,925,2,1850,532.845100524897
2024-07-05,Tablet,West,Consumer,757,2,1514,423.91493623885646
2024-07-06,Tablet,South,Corporate,1674,4,6696,959.1197381273407
2024-07-06,Headphones,South,Consumer,1578,4,6312,817.2181318195308
2024-07-06,Laptop,West,Home Office,521,3,1563,423.34408072474406
2024-07-06,Laptop,West,Home Office,671,3,2013,368.64511920408086
2024-07-07,Tablet,East,Consumer,1253,1,1253,365.65821179173537
2024-07-07,Headphones,West,Home Office,1282,2,2564,684.4846669949935
2024-07-07,Headphones,South,Corporate,585,2,1170,131.43318932322435
2024-07-07,Laptop,East,Home Office,941,3,2823,633.7553351535372
2024-07-07,Tablet,East,Corporate,993,2,1986,434.18439555058166
2024-07-07,Laptop,East,Home Office,1392,1,1392,147.77098077083184
2024-07-07,Tablet,East,Consumer,983,1,983,210.17857185439482
2024-07-08,Headphones,West,Home Office,866,4,3464,808.6672172771083
2024-07-08,Phone,East,Consumer,945,4,3780,643.8360398434137
2024-07-08,Headphones,North,Consumer,1487,2,2974,635.8671630174223
2024-07-08,Laptop,East,Consumer,1189,4,4756,1370.812686790723
2024-07-09,Headphones,North,Consumer,785,1,785,197.0882119321236
2024-07-09,Phone,North,Home Office,1102,4,4408,642.0964655406625
2024-07-09,Tablet,West,Corporate,1448,4,5792,1402.1130507925245
2024-07-09,Phone,East,Consumer,1203,3,3609,573.0298620532668
2024-07-09,Laptop,North,Consumer,1701,4,6804,1948.428443942252
2024-07-09,Tablet,North,Consumer,805,2,1610,407.2810216168347
2024-07-10,Headphones,East,Corporate,1965,1,1965,527.3961849846646
2024-07-10,Phone,North,Home Office,1122,4,4488,1163.2655834125455
2024-07-10,Laptop,North,Home Office,800,3,2400,254.9254185326669
2024-07-10,Laptop,East,Home Office,713,2,1426,333.9574785776211
2024-07-10,Phone,East,Corporate,632,1,632,84.81577199846406
2024-07-10,Tablet,West,Home Office,1216,1,1216,198.78495140200422
2024-07-11,Laptop,East,Corporate,545,2,1090,238.85837860943911
2024-07-11,Tablet,East,Consumer,744,1,744,208.57916139484755
2024-07-11,Tablet,East,Corporate,1928,1,1928,333.9282150365993
2024-07-11,Tablet,North,Consumer,1553,3,4659,1230.97509744453
2024-07-11,Tablet,West,Home Office,1450,2,2900,711.5062050849386
2024-07-11,Tablet,West,Home Office,1600,2,3200,727.3793980249494
2024-07-11,Headphones,South,Home Office,738,1,738,87.07917035987784
2024-07-12,Tablet,West,Home Office,746,3,2238,358.0936431145443
2024-07-12,Tablet,East,Home Office,1018,2,2036,231.75109434488166
2024-07-12,Phone,East,Corporate,1799,4,7196,731.453598899149
2024-07-12,Headphones,West,Corporate,922,4,3688,621.2858532887785
2024-07-12,Tablet,West,Corporate,1382,2,2764,776.4938712996009
2024-07-12,Phone,West,Consumer,1310,2,2620,284.18351165290585
2024-07-13,Laptop,North,Home Office,1588,2,3176,592.5470230366102
2024-07-13,Headphones,West,Corporate,1766,4,7064,1105.3267802375465
2024-07-13,Laptop,South,Consumer,1487,3,4461,868.4986206651014
2024-07-14,Headphones,West,Corporate,782,4,3128,837.2367995956776
2024-07-14,Tablet,North,Home Office,1458,1,1458,332.40378846057297
2024-07-14,Headphones,South,Consumer,741,3,2223,325.40323873845955
2024-07-14,Laptop,North,Consumer,1557,3,4671,880.5666655897093
2024-07-14,Tablet,North,Corporate,1217,2,2434,645.6909230588875
2024-07-14,Laptop,South,Consumer,816,1,816,108.47418684119218
2024-07-14,Phone,South,Corporate,517,3,1551,385.57919512519805
2024-07-15,Phone,West,Corporate,1027,4,4108,1068.7236524279901
2024-07-15,Tablet,North,Home Office,1718,4,6872,886.3487173520165
2024-07-15,Laptop,North,Corporate,1176,1,1176,161.17503881028858
2024-07-15,Headphones,West,Home Office,590,4,2360,244.90770416676568
2024-07-16,Tablet,East,Home Office,1979,2,3958,425.23226977950526
2024-07-16,Phone,South,Home Office,1758,2,3516,880.7383209857887
2024-07-16,Tablet,East,Corporate,1684,2,3368,997.8556174741248
2024-07-16,Laptop,North,Corporate,1061,4,4244,629.6847814685565
2024-07-16,Phone,North,Corporate,1231,4,4924,760.9323611980853
2024-07-17,Laptop,West,Corporate,1567,2,3134,580.0602725598775
2024-07-17,Laptop,South,Corporate,1289,3,3867,947.1862863998949
2024-07-17,Laptop,West,Consumer,1751,1,1751,461.39985206853385
2024-07-17,Tablet,East,Home Office,1414,1,1414,189.4173584650079
2024-07-17,Tablet,North,Consumer,1521,2,3042,690.003968531363
2024-07-18,Tablet,East,Consumer,1632,4,6528,845.0806843754154
2024-07-18,Headphones,West,Corporate,668,2,1336,147.8548513437228
2024-07-18,Tablet,North,Corporate,1784,3,5352,1157.2161243246283
2024-07-18,Tablet,North,Corporate,945,2,1890,346.51587493425285
2024-07-19,Laptop,North,Consumer,1291,3,3873,1104.2266348128783
2024-07-19,Tablet,East,Corporate,1864,3,5592,1346.649411809588
2024-07-19,Phone,North,Corporate,807,2,1614,429.75141021087865
2024-07-20,Laptop,West,Home Office,823,1,823,160.53322394268267
2024-07-20,Headphones,West,Consumer,1226,1,1226,236.4715926298224
2024-07-20,Laptop,North,Corporate,947,3,2841,526.2847145860391
2024-07-21,Phone,North,Home Office,1865,3,5595,894.4690428863539
2024-07-21,Tablet,East,Consumer,1329,4,5316,1415.7996907080324
2024-07-21,Laptop,East,Consumer,1259,3,3777,674.7464692487117
2024-07-21,Phone,North,Corporate,531,3,1593,167.25572887831422
2024-07-21,Laptop,West,Corporate,691,4,2764,403.84839880609877
2024-07-21,Headphones,South,Consumer,1234,1,1234,182.06405404357727
2024-07-22,Headphones,North,Consumer,1679,2,3358,961.335176145819
2024-07-22,Laptop,East,Consumer,1603,2,3206,870.485217698852
2024-07-22,Phone,West,Home Office,1743,1,1743,461.12158379234614
2024-07-22,Headphones,North,Corporate,871,4,3484,773.3565345379227
2024-07-22,Tablet,West,Corporate,1536,4,6144,755.9134149482811
2024-07-22,Headphones,West,Home Office,616,3,1848,385.1987420706588
2024-07-23,Tablet,South,Home Office,721,1,721,208.1143836586329
2024-07-23,Phone,North,Consumer,650,1,650,119.04146517704078
2024-07-23,Headphones,East,Corporate,1756,4,7024,2058.2296563963014
2024-07-23,Tablet,North,Corporate,777,4,3108,744.0509942984097
2024-07-23,Laptop,East,Home Office,1559,3,4677,976.1220575311552
2024-07-23,Headphones,South,Corporate,1172,2,2344,393.5918885983899
2024-07-24,Tablet,South,Corporate,1689,3,5067,893.3874846223797
2024-07-24,Headphones,South,Home Office,1498,3,4494,576.1845477836765
2024-07-24,Tablet,North,Consumer,1517,4,6068,1466.904416949282
2024-07-24,Headphones,West,Home Office,661,2,1322,283.0100847279544
2024-07-24,Phone,South,Home Office,1003,3,3009,880.9406280891847
2024-07-25,Headphones,South,Corporate,1557,1,1557,278.06737238666284
2024-07-25,Phone,South,Corporate,1946,4,7784,1936.0199880722446
2024-07-25,Tablet,South,Consumer,1303,3,3909,1024.2121851736101
2024-07-26,Laptop,West,Corporate,707,1,707,204.3301482499969
2024-07-26,Phone,South,Consumer,1626,4,6504,1576.6405374255482
2024-07-26,Laptop,North,Corporate,1123,3,3369,690.3657631797406
2024-07-26,Laptop,South,Home Office,1351,4,5404,882.8899047877903
2024-07-26,Laptop,North,Consumer,720,2,1440,168.3770708771284
2024-07-26,Phone,West,Home Office,1360,2,2720,274.1375508536865
2024-07-27,Tablet,East,Home Office,584,2,1168,181.29115178581426
2024-07-27,Tablet,North,Home Office,538,4,2152,551.5534006984893
2024-07-27,Tablet,South,Consumer,1936,2,3872,830.0658763532757
2024-07-27,Phone,South,Home Office,655,2,1310,196.69173841253826
2024-07-27,Tablet,East,Home Office,568,3,1704,344.2315795944013
2024-07-27,Tablet,West,Corporate,562,1,562,144.37122932874993
2024-07-28,Laptop,North,Corporate,1794,1,1794,470.6428388622352
2024-07-28,Headphones,West,Home Office,1764,2,3528,504.554430265741
2024-07-28,Tablet,North,Home Office,1371,1,1371,397.5776635588903
2024-07-28,Phone,East,Consumer,983,3,2949,669.938796219828
2024-07-28,Tablet,South,Home Office,1782,2,3564,631.3388728560551
2024-07-28,Phone,West,Corporate,1496,2,2992,879.5407578882385
2024-07-28,Tablet,South,Home Office,1843,2,3686,396.2361218043129
2024-07-29,Headphones,East,Home Office,539,1,539,83.44304356090525
2024-07-29,Headphones,West,Home Office,1965,3,5895,1265.059506409926
2024-07-29,Phone,East,Corporate,787,1,787,132.67121517832942
2024-07-29,Headphones,West,Corporate,635,2,1270,146.70927782194187
2024-07-30,Phone,North,Corporate,880,1,880,196.01334400634414
2024-07-30,Phone,West,Consumer,1453,1,1453,180.95965500611064
2024-07-30,Headphones,South,Home Office,573,3,1719,303.5290610832407
2024-07-30,Phone,West,Consumer,613,3,1839,276.63792347245914
2024-07-30,Tablet,South,Consumer,578,4,2312,312.11853361427
2024-07-31,Laptop,South,Consumer,722,1,722,216.41950496610616
2024-07-31,Laptop,North,Home Office,1327,4,5308,1102.4680444309554
2024-07-31,Headphones,East,Corporate,879,2,1758,283.1823426895847
2024-07-31,Headphones,West,Consumer,1318,3,3954,412.13634409699586
2024-07-31,Laptop,North,Consumer,1230,1,1230,367.0931504722715
2024-07-31,Headphones,South,Corporate,1537,2,3074,497.7232377560647
2024-08-01,Tablet,South,Consumer,1461,2,2922,430.5847714179718
2024-08-01,Laptop,South,Consumer,1488,3,4464,860.5388696916751
2024-08-01,Phone,West,Consumer,892,3,2676,506.78932966103605
2024-08-02,Laptop,North,Consumer,831,4,3324,949.3402115317235
2024-08-02,Laptop,East,Home Office,1552,3,4656,574.9898707820863
2024-08-02,Tablet,East,Home Office,1361,1,1361,172.0112985701873
2024-08-02,Laptop,East,Corporate,1853,3,5559,1290.9309116227541
2024-08-03,Laptop,West,Corporate,1323,3,3969,600.0198349423425
2024-08-03,Phone,West,Home Office,1679,2,3358,712.6030870242372
2024-08-03,Tablet,North,Consumer,1620,1,1620,186.6111329766331
2024-08-03,Phone,North,Consumer,1712,4,6848,1360.6212849056387
2024-08-04,Headphones,South,Consumer,1458,1,1458,201.94172334176147
2024-08-04,Tablet,East,Corporate,1140,2,2280,287.26651909817855
2024-08-04,Tablet,West,Home Office,680,1,680,132.63093551223668
2024-08-04,Laptop,East,Consumer,965,4,3860,883.4738372816003
2024-08-05,Phone,East,Home Office,1433,3,4299,1284.9117759862677
2024-08-05,Headphones,North,Consumer,514,2,1028,115.25172060563746
2024-08-05,Tablet,West,Consumer,695,4,2780,755.0453438364112
2024-08-05,Headphones,North,Consumer,954,1,954,192.30621517856778
2024-08-05,Phone,South,Home Office,674,2,1348,389.37169788846757
2024-08-05,Headphones,North,Home Office,1257,3,3771,803.4409335972932
2024-08-05,Tablet,West,Home Office,1164,4,4656,1082.2155090757108
2024-08-06,Headphones,East,Home Office,1007,1,1007,204.28423578352954
2024-08-06,Headphones,East,Corporate,993,2,1986,286.46918543320925
2024-08-06,Headphones,East,Corporate,1383,4,5532,730.3303667041968
2024-08-06,Phone,West,Home Office,817,1,817,173.46808050992374
2024-08-07,Headphones,West,Consumer,1752,4,7008,1726.9090751434846
2024-08-07,Headphones,West,Corporate,1375,1,1375,362.5083003768773
2024-08-07,Laptop,West,Corporate,1798,3,5394,1173.0595028557225
2024-08-07,Laptop,West,Home Office,605,2,1210,153.08488760384535
2024-08-07,Headphones,North,Consumer,1873,4,7492,1308.7987824422146
2024-08-07,Headphones,North,Corporate,1074,1,1074,263.338093799729
2024-08-08,Headphones,West,Home Office,871,2,1742,510.5752029015642
2024-08-08,Tablet,South,Home Office,1443,4,5772,854.8737038740092
2024-08-08,Phone,North,Consumer,712,3,2136,536.8292550720245
2024-08-08,Headphones,North,Corporate,974,4,3896,1098.295892973985
2024-08-08,Tablet,North,Consumer,664,3,1992,334.542274264296
2024-08-08,Tablet,South,Home Office,1033,3,3099,433.251165510889
2024-08-08,Phone,South,Corporate,1117,2,2234,634.2462849982535
2024-08-09,Tablet,East,Consumer,545,2,1090,165.92565272479737
2024-08-09,Headphones,West,Corporate,1939,1,1939,537.7755971966217
2024-08-09,Tablet,North,Home Office,795,3,2385,669.2315176172638
2024-08-09,Tablet,South,Corporate,1132,3,3396,974.8354944256494
2024-08-10,Phone,West,Home Office,512,4,2048,422.69562244976566
2024-08-10,Headphones,East,Corporate,1841,4,7364,1659.0346295263626
2024-08-10,Laptop,North,Corporate,1393,4,5572,1603.022112002131
2024-08-10,Headphones,West,Home Office,1783,4,7132,742.9336500617045
2024-08-10,Phone,North,Corporate,647,4,2588,464.82714691627996
2024-08-10,Laptop,South,Consumer,1802,4,7208,943.6194719864711
2024-08-10,Laptop,East,Consumer,981,1,981,121.59827204091563
2024-08-11,Headphones,West,Consumer,1006,1,1006,122.95275841981329
2024-08-11,Laptop,West,Consumer,1629,2,3258,716.5672153504012
2024-08-11,Headphones,East,Home Office,1203,1,1203,240.41028775010395
2024-08-12,Laptop,West,Consumer,630,4,2520,703.4424640729927
2024-08-12,Headphones,East,Corporate,1982,4,7928,1844.1527706992467
2024-08-12,Laptop,North,Consumer,1818,3,5454,1370.4067126925574
2024-08-13,Headphones,South,Home Office,1496,4,5984,611.59841125302
2024-08-13,Headphones,North,Consumer,574,4,2296,635.4833154788754
2024-08-13,Phone,South,Corporate,1631,3,4893,1344.651752687805
2024-08-13,Headphones,East,Home Office,1301,2,2602,688.5039318973159
2024-08-13,Tablet,North,Consumer,1911,2,3822,608.4811671823545
2024-08-13,Phone,East,Consumer,1345,4,5380,1459.758645007592
2024-08-14,Tablet,North,Consumer,1515,4,6060,803.1054951346491
2024-08-14,Phone,East,Consumer,1879,2,3758,688.5183890418452
2024-08-14,Tablet,South,Corporate,1481,4,5924,745.1649194613994
2024-08-14,Laptop,North,Consumer,551,4,2204,584.614407089576
2024-08-15,Laptop,South,Consumer,969,2,1938,458.8734281077743
2024-08-15,Tablet,West,Corporate,1014,4,4056,672.6823099730136
2024-08-15,Phone,West,Consumer,1875,3,5625,1590.541648128239
2024-08-15,Tablet,North,Consumer,1166,3,3498,761.9457941418325
2024-08-15,Tablet,West,Consumer,927,3,2781,512.9027027326645
2024-08-16,Laptop,South,Consumer,1380,2,2760,453.0619565399785
2024-08-16,Tablet,North,Home Office,894,1,894,243.27608287452804
2024-08-16,Phone,North,Consumer,1607,1,1607,420.23131157158264
2024-08-17,Laptop,East,Home Office,775,3,2325,282.3278640710194
2024-08-17,Laptop,North,Home Office,953,3,2859,386.0932503749447
2024-08-17,Tablet,West,Home Office,1406,1,1406,376.17213917639515
2024-08-17,Phone,North,Corporate,1763,3,5289,533.8129342073012
2024-08-17,Headphones,West,Home Office,1553,2,3106,507.4864133004257
2024-08-17,Phone,West,Home Office,1400,1,1400,356.6302170141902
2024-08-18,Headphones,North,Consumer,1885,2,3770,773.4906257429153
2024-08-18,Tablet,East,Consumer,1694,1,1694,280.9115158424
2024-08-18,Tablet,South,Corporate,547,1,547,83.52063787801094
2024-08-18,Laptop,West,Home Office,1630,1,1630,219.90195802213987
2024-08-18,Phone,South,Home Office,1349,4,5396,1462.2263816777047
2024-08-19,Headphones,East,Corporate,1270,2,2540,634.5507141451423
2024-08-19,Headphones,East,Home Office,1865,3,5595,842.1539092003103
2024-08-19,Laptop,South,Consumer,1439,3,4317,618.8539236401795
2024-08-19,Phone,West,Home Office,1503,4,6012,1624.5528791959305
2024-08-19,Headphones,East,Corporate,1813,4,7252,1244.0323958724969
2024-08-19,Headphones,East,Home Office,705,3,2115,469.70421710172155
2024-08-19,Tablet,West,Consumer,1270,1,1270,185.88866976369144
2024-08-20,Tablet,East,Corporate,637,4,2548,636.7587598485109
2024-08-20,Tablet,South,Home Office,943,1,943,136.98098836812284
2024-08-20,Tablet,South,Corporate,952,3,2856,616.1538099618087
2024-08-20,Laptop,East,Home Office,1892,2,3784,888.658361169689
2024-08-21,Phone,West,Corporate,1492,2,2984,575.1842605049987
2024-08-21,Tablet,South,Home Office,1178,3,3534,690.3399934363962
2024-08-21,Tablet,West,Corporate,1253,4,5012,525.2188924485681
2024-08-21,Headphones,South,Corporate,1732,3,5196,1095.0846038531388
2024-08-21,Phone,South,Corporate,1008,4,4032,909.1668157948866
2024-08-22,Laptop,South,Consumer,1313,1,1313,202.99736174448068
2024-08-22,Phone,East,Consumer,733,3,2199,545.5802296439381
2024-08-22,Laptop,East,Consumer,524,3,1572,431.68239311981733
2024-08-22,Headphones,South,Home Office,1363,1,1363,168.6501213387738
2024-08-22,Phone,North,Corporate,1659,2,3318,532.0606924732331
2024-08-22,Headphones,South,Corporate,628,3,1884,349.12511547824977
2024-08-22,Laptop,West,Corporate,599,3,1797,433.8303297723035
2024-08-23,Phone,North,Corporate,1643,4,6572,1711.4310279581198
2024-08-23,Phone,South,Home Office,743,2,1486,237.6796028590589
2024-08-23,Laptop,South,Consumer,1414,3,4242,702.0911046642174
2024-08-24,Headphones,South,Home Office,1496,3,4488,1050.4286852964462
2024-08-24,Headphones,South,Corporate,1545,4,6180,1010.7519864356434
2024-08-24,Phone,West,Consumer,1561,3,4683,683.4938480696859
2024-08-24,Headphones,South,Consumer,1332,2,2664,720.4716205071654
2024-08-24,Laptop,South,Corporate,1160,1,1160,225.91774005541475
2024-08-25,Laptop,South,Consumer,1083,1,1083,267.8740775802025
2024-08-25,Phone,North,Consumer,1658,3,4974,569.937843464985
2024-08-25,Phone,East,Consumer,693,3,2079,533.32795359691
2024-08-25,Phone,South,Corporate,1893,1,1893,547.6458167432554
2024-08-25,Phone,West,Corporate,560,4,2240,499.0859769049955
2024-08-25,Headphones,South,Consumer,1767,1,1767,274.4928471314485
2024-08-25,Phone,South,Home Office,1842,2,3684,821.3532440241098
2024-08-26,Phone,East,Consumer,998,2,1996,441.3272865365958
2024-08-26,Tablet,North,Home Office,1911,1,1911,531.3781851648574
2024-08-26,Tablet,North,Corporate,792,1,792,209.57833991882833
2024-08-27,Laptop,East,Consumer,1642,4,6568,734.3067795412181
2024-08-27,Laptop,East,Consumer,1145,1,1145,126.7125856193449
2024-08-27,Laptop,West,Corporate,1459,1,1459,193.0595665211008
2024-08-28,Phone,East,Consumer,1528,4,6112,1803.5757655170048
2024-08-28,Laptop,East,Home Office,992,1,992,214.53770063936804
2024-08-28,Headphones,East,Consumer,1042,3,3126,630.8281651471688
2024-08-28,Tablet,East,Home Office,572,2,1144,215.72877179702775
2024-08-28,Phone,South,Home Office,1012,2,2024,335.3169194785787
2024-08-28,Phone,East,Consumer,1861,1,1861,366.71126135959906
2024-08-28,Tablet,North,Home Office,867,4,3468,670.4481531286242
2024-08-29,Laptop,South,Consumer,1407,1,1407,415.68062979186254
2024-08-29,Headphones,North,Corporate,1868,1,1868,199.09425058569101
2024-08-29,Headphones,South,Corporate,793,1,793,132.22717496826075
2024-08-30,Phone,East,Corporate,1859,1,1859,235.4968517681929
2024-08-30,Laptop,East,Corporate,628,3,1884,420.7816456653877
2024-08-30,Tablet,West,Home Office,1324,3,3972,1015.6825234719298
2024-08-30,Tablet,North,Consumer,1747,1,1747,382.8751518170554
2024-08-30,Phone,South,Corporate,1015,3,3045,486.8752281850792
2024-08-30,Laptop,West,Consumer,1986,2,3972,744.1763502720872
2024-08-31,Headphones,North,Consumer,820,2,1640,283.14474656839417
2024-08-31,Phone,North,Corporate,1916,1,1916,559.755609993451
2024-08-31,Tablet,East,Corporate,570,4,2280,509.7781117131499
2024-08-31,Headphones,East,Home Office,1666,3,4998,713.6373013515179
2024-08-31,Phone,West,Home Office,759,4,3036,767.5084663042256
2024-08-31,Laptop,South,Corporate,598,1,598,110.92308377580125
2024-09-01,Laptop,North,Corporate,989,3,2967,879.3459876556361
2024-09-01,Tablet,North,Home Office,1285,3,3855,459.260575740152
2024-09-01,Headphones,North,Home Office,1315,2,2630,444.20797580493485
2024-09-01,Tablet,South,Home Office,927,2,1854,514.9621330983734
2024-09-02,Headphones,West,Consumer,1832,2,3664,816.6916828111455
2024-09-02,Phone,East,Corporate,1313,2,2626,459.57856399228365
2024-09-02,Headphones,East,Consumer,573,1,573,161.23925398564765
2024-09-03,Laptop,West,Home Office,1928,2,3856,391.9243871106003
2024-09-03,Tablet,West,Corporate,518,4,2072,497.5343663480841
2024-09-03,Phone,North,Consumer,1866,1,1866,554.4384670167311
2024-09-03,Phone,South,Consumer,1914,3,5742,695.4430675248317
2024-09-04,Tablet,East,Home Office,1344,1,1344,228.4793341441278
2024-09-04,Tablet,East,Consumer,660,3,1980,382.9317701351552
2024-09-04,Headphones,North,Home Office,1743,1,1743,196.6924074728169
2024-09-04,Laptop,South,Home Office,638,1,638,92.61519187869072
2024-09-05,Phone,South,Home Office,1042,4,4168,744.8864708735039
2024-09-05,Phone,West,Corporate,1403,2,2806,715.4333426465736
2024-09-05,Laptop,West,Home Office,1788,4,7152,1426.653988963029
2024-09-06,Headphones,North,Consumer,1244,1,1244,314.7325782091407
2024-09-06,Tablet,North,Consumer,1864,4,7456,1170.2943180809302
2024-09-06,Headphones,North,Home Office,1997,2,3994,1089.8930972642625
2024-09-06,Phone,North,Consumer,994,3,2982,744.3394468041524
2024-09-07,Headphones,East,Corporate,1227,4,4908,692.6458931824874
2024-09-07,Laptop,North,Consumer,1741,3,5223,1504.9730613910126
2024-09-07,Laptop,South,Consumer,1210,4,4840,832.5939485933557
2024-09-08,Laptop,East,Corporate,547,1,547,112.99638050026887
2024-09-08,Tablet,North,Home Office,1253,2,2506,751.147679098853
2024-09-08,Headphones,East,Home Office,1053,1,1053,249.6605264105488
2024-09-09,Headphones,West,Home Office,1442,4,5768,823.6262526979416
2024-09-09,Tablet,West,Corporate,1508,3,4524,453.58948032803085
2024-09-09,Phone,West,Consumer,548,2,1096,189.97344539011956
2024-09-09,Laptop,North,Consumer,1484,4,5936,1146.7957234465814
2024-09-09,Tablet,South,Consumer,1533,1,1533,323.898105598985
2024-09-09,Tablet,South,Corporate,766,4,3064,910.6036072527706
2024-09-09,Phone,North,Consumer,930,4,3720,1082.4379442468878
2024-09-10,Headphones,West,Corporate,1201,2,2402,367.6152887798896
2024-09-10,Headphones,South,Home Office,1280,1,1280,285.77144645908083
2024-09-10,Laptop,South,Consumer,866,4,3464,375.8610661020274
2024-09-10,Headphones,South,Corporate,1559,3,4677,905.3882821218621
2024-09-10,Headphones,North,Corporate,1107,3,3321,431.51311517642785
2024-09-10,Phone,North,Home Office,561,2,1122,307.6834008963876
2024-09-11,Tablet,East,Consumer,1646,4,6584,1505.7238403811748
2024-09-11,Tablet,South,Home Office,1721,2,3442,494.0411890837919
2024-09-11,Tablet,East,Home Office,1164,2,2328,549.5073455067158
2024-09-11,Laptop,East,Corporate,1670,2,3340,567.4310240434637
2024-09-11,Laptop,East,Home Office,1193,4,4772,911.366242261869
2024-09-11,Tablet,South,Home Office,1033,2,2066,297.4008240289546
2024-09-11,Headphones,West,Home Office,1899,2,3798,678.653597776239
2024-09-12,Phone,North,Consumer,1720,2,3440,897.4247554776589
2024-09-12,Headphones,South,Corporate,1237,2,2474,554.7074589751707
2024-09-12,Headphones,South,Consumer,839,1,839,174.86379424347786
2024-09-12,Headphones,East,Home Office,1502,2,3004,310.3369011333579
2024-09-12,Headphones,North,Home Office,1781,2,3562,1023.7257099324512
2024-09-13,Laptop,South,Consumer,1393,3,4179,754.9200752585102
2024-09-13,Tablet,South,Consumer,748,3,2244,456.13331069464095
2024-09-13,Tablet,East,Corporate,1418,1,1418,162.0493806282468
2024-09-13,Laptop,East,Home Office,503,1,503,55.78668986392016
2024-09-13,Tablet,South,Home Office,1262,1,1262,194.9974595046132
2024-09-14,Phone,West,Home Office,618,2,1236,203.75647551044494
2024-09-14,Phone,East,Consumer,1207,1,1207,278.3997559920243
2024-09-14,Phone,East,Corporate,1344,4,5376,1161.4056328052332
2024-09-14,Laptop,West,Home Office,1858,4,7432,875.8608308326185
2024-09-14,Tablet,East,Consumer,1513,2,3026,681.3948209656
2024-09-14,Phone,South,Corporate,792,1,792,175.12233138479854
2024-09-14,Laptop,North,Home Office,519,3,1557,307.17300502711873
2024-09-15,Laptop,East,Home Office,1200,4,4800,1068.5970947918975
2024-09-15,Phone,South,Home Office,1500,1,1500,414.39746683948545
2024-09-15,Phone,East,Corporate,1049,1,1049,191.16157063456401
2024-09-16,Tablet,East,Corporate,785,2,1570,246.53993526616114
2024-09-16,Laptop,East,Corporate,1153,1,1153,241.58362820826895
2024-09-16,Headphones,West,Home Office,787,3,2361,312.4893788848569
2024-09-17,Laptop,North,Home Office,1003,3,3009,358.53311391493554
2024-09-17,Tablet,North,Consumer,1266,4,5064,1359.135522634903
2024-09-17,Phone,East,Home Office,1619,1,1619,229.421217548877
2024-09-17,Headphones,East,Consumer,1694,1,1694,468.0409399411935
2024-09-17,Phone,East,Consumer,946,2,1892,425.9105567909898
2024-09-18,Laptop,East,Corporate,547,4,2188,460.44931378070584
2024-09-18,Headphones,North,Home Office,1526,2,3052,540.2133826754688
2024-09-18,Headphones,South,Consumer,1499,3,4497,992.6178853406855
2024-09-18,Laptop,West,Corporate,1289,4,5156,672.3347293617512
2024-09-19,Headphones,South,Corporate,1868,4,7472,2106.148072257792
2024-09-19,Laptop,West,Corporate,1972,4,7888,1698.1915209948618
2024-09-19,Headphones,North,Corporate,764,4,3056,747.4795845395462
2024-09-19,Headphones,South,Corporate,1596,2,3192,903.1222045793215
2024-09-19,Laptop,North,Corporate,1222,4,4888,803.6186845616362
2024-09-20,Headphones,West,Home Office,1816,2,3632,489.5556830852859
2024-09-20,Laptop,North,Home Office,904,1,904,193.06524533814647
2024-09-20,Phone,South,Consumer,1025,1,1025,151.89673076766252
2024-09-20,Laptop,West,Corporate,965,1,965,230.32523550148687
2024-09-20,Headphones,South,Consumer,1684,4,6736,1065.1641237210242
2024-09-20,Tablet,West,Home Office,588,1,588,118.21803389350704
2024-09-20,Tablet,West,Corporate,870,3,2610,575.918168539473
2024-09-21,Headphones,East,Consumer,1673,4,6692,813.0761759072599
2024-09-21,Tablet,North,Consumer,1554,1,1554,342.79612361863974
2024-09-21,Tablet,South,Consumer,1368,4,5472,915.9327719606435
2024-09-21,Headphones,East,Corporate,1259,2,2518,696.5622354285209
2024-09-21,Laptop,South,Corporate,662,4,2648,498.01423654028474
2024-09-21,Tablet,North,Corporate,738,1,738,209.79828398882896
2024-09-21,Headphones,East,Corporate,609,3,1827,338.79998616878237
2024-09-22,Phone,West,Corporate,1263,1,1263,302.0184765816964
2024-09-22,Headphones,North,Home Office,1457,1,1457,389.295570919631
2024-09-22,Phone,West,Home Office,1286,1,1286,156.55994956036048
2024-09-22,Phone,West,Consumer,573,2,1146,146.8908696347354
2024-09-22,Phone,East,Corporate,1014,4,4056,446.14597847091005
2024-09-23,Phone,West,Corporate,1826,2,3652,832.9559291381006
2024-09-23,Tablet,East,Consumer,1885,2,3770,461.9741867704972
2024-09-23,Tablet,North,Consumer,1395,2,2790,746.2077413546344
2024-09-23,Laptop,North,Consumer,1015,4,4060,1142.5793443742673
2024-09-23,Laptop,East,Home Office,1206,2,2412,640.8870090272086
2024-09-23,Headphones,South,Corporate,843,3,2529,450.8380334071648
2024-09-24,Laptop,East,Corporate,1461,3,4383,954.3050408730996
2024-09-24,Tablet,North,Home Office,1786,2,3572,759.6567844792454
2024-09-24,Laptop,South,Consumer,1377,2,2754,559.8145682565341
2024-09-24,Headphones,South,Home Office,1465,4,5860,1021.8621114622582
2024-09-25,Tablet,North,Home Office,1130,1,1130,261.40447219676304
2024-09-25,Laptop,North,Corporate,784,4,3136,636.0076376861697
2024-09-25,Laptop,North,Home Office,664,1,664,138.49740306022784
2024-09-26,Headphones,West,Home Office,1023,4,4092,1174.6088573003221
2024-09-26,Laptop,East,Corporate,1438,3,4314,937.5093347984134
2024-09-26,Tablet,North,Corporate,665,2,1330,257.4449114911742
2024-09-26,Phone,South,Corporate,733,1,733,163.3292816441948
2024-09-26,Tablet,North,Corporate,1769,3,5307,1197.0454846720042
2024-09-26,Tablet,West,Consumer,520,1,520,135.0970786206453
2024-09-27,Tablet,South,Home Office,1094,2,2188,375.999547136066
2024-09-27,Phone,North,Consumer,1641,1,1641,325.3245662671194
2024-09-27,Laptop,East,Corporate,896,3,2688,474.00719874468797
2024-09-27,Headphones,East,Corporate,1620,4,6480,1261.4562616821934
2024-09-27,Phone,North,Corporate,1195,2,2390,633.3246322821466
2024-09-28,Phone,East,Corporate,1806,2,3612,903.2550956277867
2024-09-28,Laptop,South,Home Office,1175,1,1175,236.701282080963
2024-09-28,Tablet,West,Home Office,760,2,1520,444.2751189645345
2024-09-28,Laptop,South,Home Office,1917,2,3834,854.2114611098978
2024-09-28,Headphones,North,Corporate,1223,4,4892,1402.3002803611075
2024-09-28,Headphones,South,Corporate,1225,2,2450,633.6537017970804
2024-09-28,Headphones,East,Corporate,1674,4,6696,902.0006427803928
2024-09-29,Tablet,West,Home Office,1679,3,5037,1196.9024162051064
2024-09-29,Tablet,East,Consumer,1597,1,1597,342.2817276124852
2024-09-29,Laptop,West,Home Office,678,4,2712,565.6003475714776
2024-09-29,Laptop,North,Home Office,1320,3,3960,462.45081312793286
2024-09-29,Headphones,South,Consumer,750,3,2250,526.6813009573638
2024-09-29,Laptop,East,Home Office,1074,2,2148,304.1088369235068
2024-09-29,Tablet,East,Home Office,1358,1,1358,194.86875050918482
2024-09-30,Headphones,North,Consumer,1126,3,3378,690.0727318105277
2024-09-30,Headphones,West,Consumer,530,3,1590,294.31082304302095
2024-09-30,Tablet,North,Consumer,1620,1,1620,186.41498637816093
2024-09-30,Headphones,East,Home Office,1972,4,7888,1839.9632777671939
2024-09-30,Tablet,South,Corporate,1347,4,5388,1079.3011531391971
2024-09-30,Phone,North,Home Office,527,1,527,64.70908450168966
2024-09-30,Phone,East,Corporate,1810,2,3620,1052.4472704974082
2024-10-01,Laptop,East,Consumer,1981,2,3962,528.8220313477985
2024-10-01,Phone,West,Home Office,997,4,3988,792.6539992228791
2024-10-01,Headphones,East,Home Office,1447,2,2894,485.3441025807557
2024-10-01,Tablet,East,Corporate,701,4,2804,789.9489017580187
2024-10-01,Tablet,North,Consumer,733,1,733,158.61937057132258
2024-10-02,Laptop,West,Consumer,1149,4,4596,566.7278055107431
2024-10-02,Phone,South,Home Office,1742,4,6968,1220.6303448675392
2024-10-02,Tablet,South,Corporate,1744,3,5232,1198.760143680618
2024-10-02,Laptop,South,Consumer,949,2,1898,352.4828328310427
2024-10-02,Headphones,South,Home Office,1227,4,4908,613.7953599122368
2024-10-02,Headphones,West,Consumer,588,2,1176,309.87151593320095
2024-10-03,Phone,East,Corporate,1582,1,1582,176.11297749982648
2024-10-03,Phone,West,Consumer,985,4,3940,949.8809642095534
2024-10-03,Headphones,North,Consumer,1625,4,6500,994.9452172490131
2024-10-03,Laptop,East,Consumer,1557,4,6228,1339.096677661668
2024-10-03,Headphones,East,Consumer,1239,2,2478,668.7736767418435
2024-10-03,Laptop,West,Consumer,750,3,2250,543.0124711541316
2024-10-04,Phone,East,Corporate,1884,3,5652,569.1616716555084
2024-10-04,Headphones,West,Consumer,1669,4,6676,748.7391271626609
2024-10-04,Tablet,East,Corporate,1714,3,5142,1512.781730855008
2024-10-05,Laptop,North,Corporate,976,2,1952,245.59699433873064
2024-10-05,Laptop,North,Corporate,1001,1,1001,226.75840706109383
2024-10-05,Headphones,East,Consumer,1297,3,3891,532.0856320905774
2024-10-06,Tablet,South,Home Office,987,2,1974,333.19565024279245
2024-10-06,Phone,East,Corporate,1964,1,1964,378.7123015316619
2024-10-06,Headphones,East,Corporate,513,3,1539,410.09214068701687
2024-10-06,Phone,East,Consumer,1959,1,1959,564.2837567675981
2024-10-06,Headphones,South,Consumer,1939,1,1939,571.7403797078719
2024-10-06,Phone,East,Corporate,1899,2,3798,559.5492681852268
2024-10-07,Tablet,North,Corporate,1187,4,4748,1172.930672796337
2024-10-07,Headphones,North,Home Office,1297,1,1297,139.07800014441042
2024-10-07,Laptop,North,Corporate,774,3,2322,483.0065181779694
2024-10-07,Tablet,West,Consumer,1554,2,3108,774.8403640312445
2024-10-07,Tablet,South,Corporate,1150,2,2300,428.98416190154126
2024-10-08,Headphones,South,Corporate,1066,2,2132,324.18475527116595
2024-10-08,Headphones,South,Home Office,1660,3,4980,757.3514415565778
2024-10-08,Tablet,West,Consumer,645,4,2580,493.3320839336705
2024-10-08,Headphones,East,Home Office,764,4,3056,529.9485729305334
2024-10-09,Headphones,East,Consumer,1794,1,1794,380.5153599403583
2024-10-09,Phone,West,Corporate,1549,1,1549,281.09235837191017
2024-10-09,Tablet,East,Corporate,905,2,1810,315.37158948484984
2024-10-09,Headphones,East,Home Office,791,1,791,122.72042857035558
2024-10-09,Headphones,South,Home Office,960,4,3840,927.3308084903845
2024-10-09,Laptop,South,Consumer,1157,3,3471,770.5491523118062
2024-10-09,Tablet,East,Consumer,904,1,904,186.1477777057765
2024-10-10,Headphones,South,Corporate,1751,1,1751,394.1142499841205
2024-10-10,Phone,South,Corporate,1718,2,3436,517.7733784277146
2024-10-10,Tablet,West,Corporate,646,2,1292,254.2632098859283
2024-10-11,Tablet,South,Home Office,1104,4,4416,1055.3952612070836
2024-10-11,Laptop,East,Corporate,833,4,3332,446.38099835195163
2024-10-11,Headphones,East,Consumer,1712,4,6848,1719.1044908104177
2024-10-11,Laptop,West,Consumer,1462,1,1462,206.08973264497982
2024-10-11,Phone,West,Corporate,1960,3,5880,1028.9907624571892
2024-10-11,Laptop,South,Consumer,1970,2,3940,1110.3242617556177
2024-10-11,Tablet,North,Consumer,868,1,868,94.7128593567725
2024-10-12,Tablet,South,Consumer,1955,2,3910,799.2615326293944
2024-10-12,Laptop,South,Corporate,1179,3,3537,499.4367117957195
2024-10-12,Tablet,East,Corporate,854,2,1708,482.14353796023516
2024-10-12,Tablet,North,Corporate,1754,4,7016,942.2670382997047
2024-10-13,Headphones,East,Home Office,520,2,1040,182.3410891738167
2024-10-13,Headphones,South,Corporate,629,1,629,145.147978274169
2024-10-13,Phone,West,Corporate,1482,1,1482,387.8714206579629
2024-10-13,Tablet,North,Home Office,1664,1,1664,279.8238206799417
2024-10-14,Tablet,West,Corporate,1011,2,2022,449.18669135952274
2024-10-14,Tablet,West,Consumer,1099,3,3297,868.0764007629784
2024-10-14,Headphones,North,Consumer,1817,2,3634,437.6588443822601
2024-10-14,Tablet,South,Corporate,747,2,1494,422.76566012847024
2024-10-14,Headphones,North,Corporate,1195,4,4780,997.5759215694538
2024-10-15,Laptop,North,Consumer,1890,2,3780,1064.4198152019142
2024-10-15,Phone,West,Corporate,1536,2,3072,634.1344421097716
2024-10-15,Tablet,North,Home Office,1008,4,4032,1040.4839978046598
2024-10-15,Laptop,West,Corporate,1656,3,4968,913.3171272242017
2024-10-16,Laptop,West,Corporate,817,2,1634,350.5764102374905
2024-10-16,Headphones,South,Consumer,1392,1,1392,375.59963950725637
2024-10-16,Phone,North,Home Office,1743,2,3486,1036.3787837605794
2024-10-16,Phone,East,Home Office,1340,2,2680,306.95857629740595
2024-10-16,Headphones,North,Corporate,1588,1,1588,259.32263872270846
2024-10-16,Tablet,South,Consumer,1142,3,3426,469.9798527583541
2024-10-16,Tablet,North,Consumer,1255,2,2510,404.8186570116811
2024-10-17,Tablet,East,Home Office,1575,2,3150,844.4118300792824
2024-10-17,Tablet,South,Consumer,1863,2,3726,534.0222698603395
2024-10-17,Laptop,North,Corporate,1529,2,3058,588.6863713196539
2024-10-17,Headphones,North,Home Office,1017,2,2034,513.195101757361
2024-10-18,Laptop,West,Corporate,637,2,1274,356.0076125614204
2024-10-18,Headphones,West,Home Office,1748,4,6992,1496.814078567795
2024-10-18,Phone,West,Corporate,1657,1,1657,308.9800404852568
2024-10-18,Phone,South,Consumer,1486,2,2972,554.5781304588583
2024-10-18,Headphones,North,Consumer,1936,4,7744,2284.6378244239904
2024-10-18,Tablet,North,Consumer,1200,3,3600,367.17909952076843
2024-10-19,Phone,West,Consumer,1646,3,4938,825.7110157342344
2024-10-19,Headphones,West,Consumer,1769,3,5307,1069.5176784991068
2024-10-19,Headphones,West,Home Office,1246,3,3738,1024.0618472255408
2024-10-20,Tablet,West,Home Office,1451,3,4353,597.5918953430041
2024-10-20,Headphones,South,Home Office,806,4,3224,441.1699223268547
2024-10-20,Headphones,East,Corporate,598,3,1794,246.41569762102193
2024-10-20,Phone,West,Corporate,1873,4,7492,1710.982666219082
2024-10-20,Headphones,North,Home Office,587,3,1761,426.9326072531772
2024-10-20,Tablet,East,Corporate,1317,4,5268,677.9079468363793
2024-10-21,Phone,East,Consumer,1472,1,1472,330.0592880523401
2024-10-21,Laptop,West,Corporate,1888,2,3776,921.0835113396319
2024-10-21,Laptop,West,Home Office,1204,2,2408,454.931515613639
2024-10-21,Tablet,West,Home Office,883,3,2649,265.60656220222165
2024-10-21,Phone,North,Consumer,1380,3,4140,1016.1566406039426
2024-10-21,Headphones,South,Consumer,1021,1,1021,234.50826623131374
2024-10-21,Phone,South,Consumer,1635,3,4905,747.8845631684842
2024-10-22,Headphones,South,Corporate,1744,3,5232,544.1639794983979
2024-10-22,Laptop,North,Consumer,1123,1,1123,255.22293322044285
2024-10-22,Phone,South,Home Office,1397,1,1397,273.7091685621478
2024-10-22,Laptop,South,Consumer,1053,1,1053,247.19439287140395
2024-10-22,Phone,North,Corporate,1751,2,3502,385.6231264817389
2024-10-22,Tablet,East,Consumer,598,2,1196,318.67701554485745
2024-10-23,Tablet,East,Corporate,1924,1,1924,352.7346480178113
2024-10-23,Phone,North,Consumer,1308,2,2616,421.7769741605983
2024-10-23,Phone,East,Consumer,729,4,2916,471.47117900488615
2024-10-23,Headphones,West,Corporate,1883,3,5649,1191.911133316409
2024-10-23,Phone,West,Consumer,963,4,3852,771.7119790094592
2024-10-23,Phone,South,Consumer,1358,3,4074,1103.4187354484786
2024-10-23,Laptop,East,Home Office,620,2,1240,132.81686563216567
2024-10-24,Headphones,East,Corporate,1486,2,2972,523.9285792035739
2024-10-24,Headphones,South,Corporate,1735,4,6940,1937.431319967904
2024-10-24,Headphones,North,Corporate,1005,4,4020,907.1045049659348
2024-10-24,Tablet,North,Corporate,1013,3,3039,641.7584523897958
2024-10-25,Headphones,South,Home Office,1412,3,4236,1245.3209459250672
2024-10-25,Laptop,East,Consumer,1828,4,7312,1506.105745564628
2024-10-25,Headphones,South,Corporate,1262,4,5048,868.8465923634939
2024-10-26,Headphones,West,Corporate,1998,4,7992,1077.000093244967
2024-10-26,Phone,East,Home Office,1210,2,2420,509.9930858781334
2024-10-26,Headphones,North,Home Office,892,2,1784,453.2833637151478
2024-10-26,Headphones,East,Consumer,1405,4,5620,1672.5883667643322
2024-10-26,Tablet,West,Home Office,1332,2,2664,567.6987896662112
2024-10-26,Phone,East,Consumer,1562,2,3124,427.44443842112435
2024-10-26,Laptop,West,Consumer,1805,2,3610,929.7207593086404
2024-10-27,Laptop,North,Corporate,792,2,1584,388.4875518009405
2024-10-27,Tablet,East,Consumer,1485,1,1485,372.6407086978379
2024-10-27,Tablet,North,Consumer,1589,3,4767,1134.5376066041954
2024-10-28,Phone,North,Corporate,735,2,1470,207.26410330207756
2024-10-28,Phone,North,Corporate,1929,4,7716,2214.6102337810594
2024-10-28,Laptop,West,Consumer,1992,2,3984,559.5830320840382
2024-10-28,Laptop,East,Corporate,1937,2,3874,724.9079142482523
2024-10-28,Tablet,South,Corporate,1806,1,1806,453.2813419856924
2024-10-29,Phone,South,Home Office,1933,1,1933,443.65541161516023
2024-10-29,Tablet,West,Home Office,990,4,3960,886.0003809718812
2024-10-29,Phone,East,Corporate,1171,4,4684,1396.361491310509
2024-10-29,Headphones,West,Home Office,1336,2,2672,460.16887034312015
2024-10-29,Phone,North,Home Office,1931,1,1931,273.5783654976417
2024-10-29,Headphones,West,Consumer,1173,4,4692,963.8530881961914
2024-10-29,Tablet,North,Home Office,1676,3,5028,891.9662539861331
2024-10-30,Laptop,North,Consumer,1679,4,6716,1440.2700940027273
2024-10-30,Phone,East,Corporate,1478,2,2956,807.0762867168346
2024-10-30,Tablet,West,Consumer,1183,2,2366,487.96326943508325
2024-10-31,Phone,West,Home Office,1852,3,5556,1049.164576193991
2024-10-31,Phone,East,Consumer,744,3,2232,541.1479053191679
2024-10-31,Laptop,North,Corporate,1410,4,5640,1356.7520378747065
2024-10-31,Headphones,East,Consumer,823,4,3292,408.8767479073104
2024-10-31,Laptop,South,Corporate,753,3,2259,536.411573175291
2024-11-01,Phone,South,Home Office,590,1,590,78.06993051025295
2024-11-01,Tablet,South,Consumer,597,4,2388,681.9374665311185
2024-11-01,Phone,West,Home Office,579,3,1737,520.2019475912936
2024-11-01,Headphones,South,Consumer,1980,3,5940,1617.2989101204014
2024-11-01,Phone,West,Home Office,1075,4,4300,703.2482700911702
2024-11-01,Phone,North,Consumer,1239,1,1239,221.45295836769952
2024-11-02,Laptop,East,Corporate,1912,1,1912,334.54350911749805
2024-11-02,Tablet,North,Corporate,1005,1,1005,154.36980572072994
2024-11-02,Headphones,South,Home Office,756,1,756,108.74067306263255
2024-11-02,Tablet,West,Consumer,1571,3,4713,1357.8921565266917
2024-11-03,Phone,West,Consumer,1615,2,3230,793.5214015679228
2024-11-03,Phone,North,Home Office,1834,1,1834,252.69360253987946
2024-11-03,Laptop,East,Corporate,967,1,967,165.6312131875161
2024-11-03,Phone,North,Corporate,863,3,2589,680.4176128831584
2024-11-03,Laptop,South,Home Office,683,4,2732,794.0584531658637
2024-11-04,Headphones,South,Home Office,1002,3,3006,472.29531309218663
2024-11-04,Headphones,East,Home Office,1343,3,4029,483.2066926637375
2024-11-04,Phone,West,Corporate,1191,4,4764,1320.3537421505039
2024-11-04,Phone,South,Corporate,1601,2,3202,550.061820466052
2024-11-04,Headphones,South,Consumer,1251,3,3753,396.7632856725974
2024-11-05,Tablet,South,Corporate,1490,3,4470,586.6225334142425
2024-11-05,Headphones,South,Corporate,1342,3,4026,598.6291704396658
2024-11-05,Tablet,South,Home Office,1360,2,2720,582.1455439025908
2024-11-05,Headphones,North,Corporate,1202,1,1202,155.76831920126253
2024-11-05,Tablet,North,Home Office,1905,2,3810,616.6473704303578
2024-11-05,Tablet,West,Consumer,1326,2,2652,336.03930421399167
2024-11-06,Laptop,West,Consumer,1735,4,6940,1283.460686475381
2024-11-06,Headphones,West,Corporate,1946,1,1946,249.43813913806065
2024-11-06,Phone,West,Corporate,1338,3,4014,728.8905158823891
2024-11-06,Phone,West,Home Office,1147,2,2294,486.2302100243546
2024-11-06,Phone,North,Home Office,931,3,2793,648.7808523586028
2024-11-06,Headphones,North,Home Office,1027,2,2054,314.13666345597045
2024-11-07,Laptop,East,Consumer,1346,2,2692,616.5204647340045
2024-11-07,Tablet,West,Corporate,1583,4,6332,1083.1725171416292
2024-11-07,Headphones,West,Home Office,1060,2,2120,622.5316923750962
2024-11-07,Headphones,West,Consumer,957,1,957,202.8771377637144
2024-11-07,Laptop,West,Consumer,1168,2,2336,327.8807644030713
2024-11-07,Tablet,East,Home Office,804,2,1608,356.6238033072602
2024-11-07,Phone,South,Corporate,957,3,2871,596.3117948847039
2024-11-08,Tablet,North,Consumer,1019,1,1019,135.33134121417297
2024-11-08,Tablet,North,Home Office,1412,2,2824,831.532336023718
2024-11-08,Phone,South,Corporate,1679,1,1679,186.68997792723164
2024-11-08,Tablet,South,Corporate,1342,1,1342,362.2105416061147
2024-11-09,Tablet,South,Consumer,1144,2,2288,310.87209719945895
2024-11-09,Headphones,West,Consumer,610,4,2440,631.6439366728654
2024-11-09,Laptop,North,Consumer,1841,3,5523,738.5014768955278
2024-11-09,Phone,South,Home Office,881,1,881,148.12717621254234
2024-11-09,Laptop,East,Home Office,1319,3,3957,959.1006217680489
2024-11-10,Tablet,East,Corporate,1162,4,4648,567.0757474848767
2024-11-10,Tablet,East,Home Office,1737,1,1737,345.41091315248764
2024-11-10,Phone,West,Home Office,1761,3,5283,1358.0814648572393
2024-11-11,Laptop,North,Home Office,1881,4,7524,1590.4090324733525
2024-11-11,Tablet,West,Corporate,1358,2,2716,327.12118626488217
2024-11-11,Laptop,West,Consumer,800,2,1600,214.16693674856907
2024-11-11,Laptop,South,Home Office,664,4,2656,648.4635783490794
2024-11-11,Phone,South,Consumer,587,1,587,96.04875917855182
2024-11-11,Tablet,South,Home Office,1092,2,2184,277.7820782633777
2024-11-11,Phone,West,Home Office,546,3,1638,217.4090672190278
2024-11-12,Tablet,South,Home Office,816,3,2448,566.3802012693573
2024-11-12,Laptop,East,Home Office,1949,2,3898,1163.7981547744178
2024-11-12,Headphones,North,Home Office,597,4,2388,561.8436583494682
2024-11-12,Phone,North,Home Office,741,2,1482,318.55758671026183
2024-11-13,Laptop,East,Corporate,1690,3,5070,520.8490461360451
2024-11-13,Tablet,North,Consumer,725,1,725,126.98045227405323
2024-11-13,Phone,South,Home Office,795,2,1590,400.286872723197
2024-11-13,Tablet,North,Consumer,1508,4,6032,1681.4651519448616
2024-11-13,Tablet,West,Consumer,1886,2,3772,632.2686686063197
2024-11-13,Headphones,West,Home Office,1796,2,3592,1024.5431048391888
2024-11-14,Headphones,South,Corporate,1061,2,2122,323.5268468102529
2024-11-14,Laptop,North,Home Office,1612,1,1612,460.86771230023123
2024-11-14,Laptop,East,Consumer,1277,3,3831,576.8212446611466
2024-11-14,Headphones,North,Corporate,874,4,3496,778.400669913113
2024-11-15,Phone,West,Corporate,949,2,1898,529.4158301895995
2024-11-15,Laptop,West,Corporate,754,3,2262,496.1580902062206
2024-11-15,Laptop,South,Home Office,1857,1,1857,286.52049024599603
2024-11-15,Tablet,South,Corporate,955,4,3820,389.0611283399437
2024-11-15,Headphones,East,Corporate,1116,4,4464,724.9343169912437
2024-11-15,Phone,West,Corporate,1190,1,1190,345.30031654887284
2024-11-15,Headphones,South,Consumer,919,1,919,265.21792081740966
2024-11-16,Headphones,East,Corporate,879,3,2637,302.7904525711543
2024-11-16,Phone,West,Home Office,855,2,1710,450.35244905064303
2024-11-16,Tablet,West,Consumer,1604,2,3208,574.6470004798108
2024-11-16,Phone,East,Home Office,972,4,3888,749.2582088401684
2024-11-16,Laptop,East,Home Office,578,1,578,101.51313859694096
2024-11-16,Tablet,East,Home Office,1395,1,1395,334.51684518068146
2024-11-16,Laptop,West,Home Office,1708,3,5124,655.6379982886132
2024-11-17,Phone,North,Consumer,1006,1,1006,275.53517424742296
2024-11-17,Laptop,West,Home Office,1329,4,5316,965.669234038576
2024-11-17,Tablet,North,Home Office,1744,4,6976,1859.664483684877
2024-11-17,Tablet,East,Consumer,1744,1,1744,179.37777173579926
2024-11-17,Tablet,West,Home Office,1216,2,2432,520.0466184379322
2024-11-18,Laptop,South,Corporate,1886,1,1886,213.72985135500647
2024-11-18,Laptop,East,Corporate,1246,4,4984,778.478106731099
2024-11-18,Tablet,West,Home Office,1017,4,4068,947.8698413208541
2024-11-18,Headphones,North,Corporate,1193,4,4772,1116.5932301943785
2024-11-18,Phone,North,Corporate,711,2,1422,267.3730909570689
2024-11-18,Laptop,North,Corporate,846,1,846,242.1300384901636
2024-11-18,Phone,West,Consumer,1014,3,3042,530.2954395016659
2024-11-19,Headphones,South,Home Office,927,1,927,243.5466089933405
2024-11-19,Laptop,West,Consumer,879,2,1758,308.3508215549088
2024-11-19,Phone,North,Home Office,923,2,1846,269.81792629132894
2024-11-19,Phone,East,Corporate,672,3,2016,221.38052983049388
2024-11-20,Tablet,North,Consumer,1911,1,1911,472.588086571553
2024-11-20,Laptop,North,Home Office,1251,2,2502,274.1246562767209
2024-11-20,Laptop,East,Corporate,1008,2,2016,369.24872115381027
2024-11-21,Headphones,East,Consumer,1807,3,5421,1183.3500156705275
2024-11-21,Phone,East,Consumer,821,2,1642,265.93160968713624
2024-11-21,Phone,East,Home Office,1331,1,1331,209.21391637989169
2024-11-21,Laptop,South,Consumer,728,3,2184,632.8344040456225
2024-11-21,Laptop,North,Corporate,1720,2,3440,975.3316353541364
2024-11-21,Headphones,East,Corporate,871,1,871,235.2932973191044
2024-11-21,Tablet,East,Home Office,1071,1,1071,275.6970625891842
2024-11-22,Headphones,North,Corporate,540,3,1620,292.2221405856272
2024-11-22,Laptop,North,Corporate,1131,3,3393,584.2538441018994
2024-11-22,Headphones,North,Corporate,1115,4,4460,1132.1542335589625
2024-11-22,Laptop,South,Home Office,1614,1,1614,329.3879492395428
2024-11-22,Headphones,East,Home Office,1429,3,4287,1196.6467829157295
2024-11-22,Laptop,East,Corporate,733,2,1466,324.97825237060533
2024-11-22,Laptop,East,Corporate,1618,2,3236,580.3771991775022
2024-11-23,Headphones,West,Home Office,1484,3,4452,453.735053984569
2024-11-23,Tablet,West,Corporate,884,1,884,190.08370081856663
2024-11-23,Laptop,West,Corporate,898,4,3592,411.324500108313
2024-11-23,Tablet,West,Consumer,1868,2,3736,588.0487204364732
2024-11-23,Headphones,South,Corporate,694,3,2082,457.3994761344948
2024-11-23,Headphones,South,Consumer,961,3,2883,512.2323416654143
2024-11-23,Tablet,North,Consumer,1669,1,1669,477.87766119940613
2024-11-24,Laptop,North,Corporate,1820,2,3640,439.72455930683435
2024-11-24,Tablet,South,Home Office,1082,3,3246,951.3303464182984
2024-11-24,Phone,South,Corporate,1592,1,1592,270.8636210539436
2024-11-24,Tablet,South,Corporate,1072,2,2144,496.29013533531156
2024-11-25,Phone,East,Consumer,1245,3,3735,738.548587759232
2024-11-25,Tablet,South,Corporate,1197,1,1197,257.20411198281994
2024-11-25,Phone,North,Consumer,1326,2,2652,543.1159171045026
2024-11-26,Laptop,North,Corporate,528,2,1056,237.99148480874624
2024-11-26,Tablet,North,Corporate,1015,1,1015,123.91412211891229
2024-11-26,Laptop,East,Consumer,945,3,2835,653.9959010068633
2024-11-26,Laptop,West,Consumer,532,3,1596,230.94080239000243
2024-11-26,Laptop,South,Home Office,625,1,625,113.2515670235274
2024-11-26,Phone,East,Corporate,1901,2,3802,1057.9776771507698
2024-11-26,Tablet,West,Home Office,1435,1,1435,396.1435924848544
2024-11-27,Laptop,East,Consumer,1179,1,1179,160.30819339488917
2024-11-27,Phone,East,Consumer,1995,2,3990,1041.7680402745
2024-11-27,Headphones,West,Consumer,1878,4,7512,1240.9509153582635
2024-11-27,Headphones,South,Consumer,1547,4,6188,1821.9408962002065
2024-11-27,Phone,South,Corporate,1183,4,4732,1158.5544010019678
2024-11-28,Headphones,North,Consumer,1400,4,5600,1466.3466402756426
2024-11-28,Laptop,South,Home Office,867,4,3468,828.5798394242987
2024-11-28,Tablet,East,Consumer,1843,4,7372,1752.8647446370398
2024-11-28,Headphones,South,Corporate,1408,4,5632,1494.6470910602723
2024-11-28,Headphones,West,Corporate,889,3,2667,566.881555765537
2024-11-28,Tablet,South,Home Office,769,1,769,204.46889319534398
2024-11-28,Headphones,North,Corporate,665,1,665,72.39093183741834
2024-11-29,Phone,South,Consumer,1150,1,1150,155.34459708074453
2024-11-29,Laptop,East,Home Office,1302,1,1302,264.4322704044509
2024-11-29,Headphones,East,Home Office,588,1,588,84.23329997398439
2024-11-29,Laptop,West,Corporate,777,1,777,122.08983450958577
2024-11-29,Laptop,West,Corporate,1357,1,1357,219.5202098012634
2024-11-29,Headphones,South,Corporate,1513,4,6052,1292.4967010300563
2024-11-29,Phone,West,Corporate,1913,2,3826,554.3301802535818
2024-11-30,Tablet,South,Corporate,1219,3,3657,409.6462839927058
2024-11-30,Tablet,South,Consumer,710,1,710,106.15329218021387
2024-11-30,Phone,North,Home Office,1399,2,2798,745.6611098851233
2024-12-01,Tablet,East,Corporate,1757,3,5271,543.3504491963114
2024-12-01,Tablet,West,Consumer,1173,3,3519,400.8716592579709
2024-12-01,Laptop,South,Home Office,1566,1,1566,429.2108992258657
2024-12-01,Headphones,West,Consumer,555,3,1665,438.0380215058522
2024-12-01,Tablet,East,Corporate,742,1,742,212.54854728358399
2024-12-02,Laptop,South,Consumer,939,3,2817,426.9839599989481
2024-12-02,Headphones,West,Home Office,1753,1,1753,297.016693989807
2024-12-02,Phone,East,Home Office,1175,3,3525,516.7883026119193
2024-12-02,Headphones,North,Consumer,1107,3,3321,417.4949359090126
2024-12-02,Phone,South,Home Office,1137,3,3411,402.30110074337983
2024-12-02,Headphones,North,Corporate,1249,1,1249,266.0414386727464
2024-12-02,Tablet,East,Consumer,639,2,1278,377.6424255336257
2024-12-03,Phone,West,Corporate,1079,3,3237,883.4923770239499
2024-12-03,Laptop,North,Consumer,1322,2,2644,771.3834554051817
2024-12-03,Phone,North,Home Office,1441,3,4323,535.2739098090489
2024-12-03,Phone,East,Home Office,903,1,903,245.21126777996432
2024-12-04,Laptop,West,Home Office,554,3,1662,380.632305394497
2024-12-04,Tablet,North,Home Office,1045,2,2090,496.65385513544805
2024-12-04,Phone,South,Home Office,1416,1,1416,309.85919738137886
2024-12-05,Phone,South,Home Office,1148,3,3444,745.7801814171611
2024-12-05,Headphones,South,Home Office,1563,2,3126,422.29444736712753
2024-12-05,Tablet,West,Home Office,675,2,1350,252.00907614814543
2024-12-05,Tablet,West,Home Office,1719,2,3438,808.8905679130953
2024-12-05,Phone,East,Corporate,780,4,3120,372.68663069385224
2024-12-05,Tablet,South,Consumer,976,4,3904,1136.2874618382227
2024-12-05,Tablet,West,Corporate,1775,2,3550,462.6835418539104
2024-12-06,Laptop,East,Home Office,739,3,2217,461.4961660527118
2024-12-06,Laptop,West,Home Office,842,3,2526,731.9749968992091
2024-12-06,Tablet,North,Home Office,1668,4,6672,704.5256997242391
2024-12-06,Headphones,South,Consumer,880,4,3520,604.135393946792
2024-12-06,Laptop,West,Home Office,1921,3,5763,1196.7783849048722
2024-12-06,Tablet,West,Corporate,1820,1,1820,507.12719823250643
2024-12-06,Tablet,East,Consumer,1052,1,1052,225.19794247274257
2024-12-07,Headphones,East,Corporate,834,1,834,246.52641670807498
2024-12-07,Laptop,West,Home Office,1449,3,4347,623.5741701148775
2024-12-07,Phone,North,Corporate,1379,2,2758,570.1534141903527
2024-12-07,Tablet,North,Corporate,1837,1,1837,240.79437469871428
2024-12-08,Phone,South,Corporate,994,1,994,229.3287523530031
2024-12-08,Headphones,East,Corporate,701,3,2103,310.69755845639037
2024-12-08,Headphones,North,Consumer,1059,2,2118,397.3502633357613
2024-12-09,Phone,West,Home Office,1111,4,4444,1224.71446208285
2024-12-09,Headphones,North,Consumer,615,2,1230,358.81770331092736
2024-12-09,Laptop,West,Home Office,1745,2,3490,435.05390672958293
2024-12-09,Laptop,West,Corporate,1898,3,5694,1183.1700615230923
2024-12-09,Phone,North,Home Office,1906,1,1906,529.2240854032493
2024-12-10,Phone,South,Home Office,1049,1,1049,112.78279145019923
2024-12-10,Headphones,South,Home Office,903,3,2709,348.46663867389236
2024-12-10,Tablet,West,Consumer,1239,4,4956,1077.4600541727455
2024-12-10,Phone,South,Home Office,1840,4,7360,1761.0212473722534
2024-12-10,Phone,East,Home Office,1310,3,3930,467.1297440497196
2024-12-11,Tablet,North,Corporate,703,1,703,73.39871203566938
2024-12-11,Tablet,East,Consumer,932,4,3728,763.3773995061916
2024-12-11,Phone,South,Home Office,1004,3,3012,897.1279581417114
2024-12-12,Tablet,West,Consumer,1171,2,2342,673.678444201786
2024-12-12,Tablet,West,Consumer,1197,4,4788,570.2150611229557
2024-12-12,Tablet,East,Home Office,1415,1,1415,151.58323209540944
2024-12-12,Laptop,East,Home Office,762,1,762,98.92819043596477
2024-12-12,Headphones,West,Consumer,1914,3,5742,1631.160200709201
2024-12-13,Tablet,South,Home Office,1059,3,3177,324.3767819924781
2024-12-13,Headphones,North,Consumer,1814,4,7256,2070.4456811106406
2024-12-13,Laptop,West,Home Office,1712,4,6848,1100.6840332022184
2024-12-14,Phone,South,Corporate,1854,1,1854,345.76385483903925
2024-12-14,Headphones,North,Home Office,527,2,1054,197.68814119272227
2024-12-14,Headphones,East,Consumer,999,1,999,144.80709548423212
2024-12-15,Tablet,West,Consumer,800,2,1600,424.8703192931226
2024-12-15,Tablet,South,Home Office,1980,1,1980,411.18243817860645
2024-12-15,Laptop,South,Corporate,1736,3,5208,1322.1853189560406
2024-12-15,Headphones,North,Home Office,1023,4,4092,481.4468731253463
2024-12-15,Headphones,South,Corporate,922,4,3688,625.0848368267709
2024-12-15,Phone,South,Consumer,1253,3,3759,916.8213442649103
2024-12-15,Tablet,East,Corporate,1164,4,4656,765.9671611528995
2024-12-16,Headphones,East,Corporate,669,1,669,103.53719886049635
2024-12-16,Tablet,West,Corporate,1755,4,7020,1466.1324887286116
2024-12-16,Phone,East,Consumer,1416,1,1416,275.61449647280733
2024-12-16,Tablet,East,Home Office,767,1,767,139.73847721604733
2024-12-16,Laptop,North,Corporate,581,1,581,174.28752787112674
2024-12-16,Headphones,South,Consumer,826,2,1652,178.45451746652552
2024-12-16,Tablet,West,Consumer,632,3,1896,426.9545953120158
2024-12-17,Tablet,South,Corporate,1473,1,1473,344.89123326721864
2024-12-17,Headphones,South,Corporate,1270,2,2540,293.38595709745965
2024-12-17,Phone,East,Consumer,1666,4,6664,950.0875075353731
2024-12-17,Headphones,North,Corporate,1509,3,4527,825.6327186560366
2024-12-17,Tablet,North,Home Office,1820,1,1820,443.0957722367277
2024-12-17,Laptop,South,Consumer,1051,1,1051,287.9840888866635
2024-12-17,Headphones,South,Corporate,518,3,1554,377.83140984663953
2024-12-18,Laptop,South,Home Office,983,4,3932,984.3028109582358
2024-12-18,Headphones,East,Corporate,683,1,683,75.09819905399942
2024-12-18,Tablet,East,Consumer,507,1,507,140.46767887042571
2024-12-18,Tablet,West,Home Office,1412,3,4236,696.819643391791
2024-12-18,Laptop,East,Corporate,1052,2,2104,307.6684954703745
2024-12-18,Phone,West,Corporate,1359,1,1359,177.7456011393507
2024-12-18,Headphones,North,Consumer,1129,1,1129,182.71910690832198
2024-12-19,Phone,North,Consumer,1600,2,3200,649.5832223885474
2024-12-19,Tablet,North,Corporate,1278,3,3834,934.4237550673545
2024-12-19,Laptop,East,Consumer,1827,2,3654,721.9994431590793
2024-12-19,Laptop,East,Consumer,948,2,1896,276.5930270761627
2024-12-19,Headphones,North,Corporate,1948,1,1948,323.00287346459436
2024-12-19,Phone,East,Corporate,1777,4,7108,1914.299941798179
2024-12-20,Headphones,East,Consumer,983,2,1966,493.28093602667474
2024-12-20,Headphones,West,Home Office,1527,4,6108,765.2422790925823
2024-12-20,Laptop,North,Home Office,959,2,1918,410.7340415072476
2024-12-20,Headphones,South,Corporate,1443,3,4329,1003.8865901276889
2024-12-21,Headphones,North,Corporate,1362,3,4086,900.085805445707
2024-12-21,Headphones,South,Corporate,709,4,2836,669.1848690480197
2024-12-21,Laptop,West,Consumer,1273,1,1273,174.10712206601522
2024-12-22,Headphones,West,Consumer,975,4,3900,651.5248873219871
2024-12-22,Headphones,East,Consumer,1920,3,5760,829.065229049903
2024-12-22,Laptop,South,Corporate,638,3,1914,351.77055434827287
2024-12-22,Phone,West,Consumer,723,2,1446,196.8786606618212
2024-12-22,Laptop,South,Corporate,1964,4,7856,1716.8512421709072
2024-12-22,Headphones,South,Home Office,1110,3,3330,889.1299542037201
2024-12-23,Tablet,North,Consumer,592,4,2368,706.098516062681
2024-12-23,Tablet,North,Consumer,1219,1,1219,188.14985031891663
2024-12-23,Tablet,East,Home Office,1169,3,3507,756.7215527615336
2024-12-23,Headphones,West,Corporate,1505,3,4515,1063.0026548610372
2024-12-24,Headphones,West,Consumer,1506,3,4518,1334.5517018616572
2024-12-24,Laptop,West,Corporate,662,4,2648,624.5655099659954
2024-12-24,Laptop,West,Home Office,816,2,1632,331.66306428369165
2024-12-24,Phone,North,Consumer,1838,4,7352,1695.7505036250775
2024-12-24,Laptop,West,Corporate,1359,3,4077,563.2361342257116
2024-12-24,Laptop,North,Corporate,1855,4,7420,1107.4158581900147
2024-12-25,Phone,East,Corporate,1668,4,6672,690.6754159790801
2024-12-25,Tablet,South,Home Office,1635,2,3270,841.6915145336757
2024-12-25,Headphones,North,Consumer,506,2,1012,230.86180152927616
2024-12-25,Phone,East,Consumer,915,4,3660,763.0442141925218
2024-12-26,Headphones,North,Consumer,833,4,3332,348.5936223699183
2024-12-26,Tablet,West,Home Office,1259,4,5036,1351.3352707782435
2024-12-26,Laptop,East,Consumer,953,2,1906,395.8670423038235
2024-12-26,Tablet,North,Corporate,582,3,1746,244.10627159246707
2024-12-26,Phone,West,Consumer,948,3,2844,381.5251886066365
2024-12-26,Headphones,North,Corporate,1698,2,3396,869.1800679025173
2024-12-27,Tablet,East,Corporate,1261,2,2522,613.7103446832118
2024-12-27,Headphones,South,Corporate,1217,3,3651,588.437590457834
2024-12-27,Phone,West,Home Office,1451,2,2902,846.1469121529451
2024-12-28,Phone,East,Home Office,1378,1,1378,221.17009147284904
2024-12-28,Laptop,West,Home Office,762,2,1524,433.3809997699452
2024-12-28,Headphones,South,Corporate,641,1,641,137.64405780578306
2024-12-28,Laptop,North,Consumer,1452,2,2904,438.5710204507108
2024-12-28,Tablet,South,Home Office,953,2,1906,433.0242278490056
2024-12-29,Tablet,West,Consumer,701,2,1402,417.25949854893133
2024-12-29,Laptop,West,Consumer,531,3,1593,219.8328878318478
2024-12-29,Tablet,North,Home Office,1571,4,6284,1074.0208375787784
2024-12-29,Headphones,North,Consumer,827,1,827,198.2437236406232
2024-12-29,Laptop,South,Home Office,1429,3,4287,1228.163581126036
2024-12-29,Laptop,South,Consumer,784,1,784,184.51231435300622
2024-12-29,Tablet,East,Corporate,635,4,2540,705.144834187473
2024-12-30,Phone,South,Corporate,1700,1,1700,371.8495252952866
2024-12-30,Laptop,South,Corporate,631,4,2524,684.1220895211802
2024-12-30,Tablet,North,Corporate,1962,3,5886,712.8919696310927
2024-12-30,Headphones,West,Home Office,1660,2,3320,658.4806899264241
2024-12-31,Tablet,East,Corporate,1139,2,2278,604.5787442727182
2024-12-31,Phone,North,Consumer,1418,1,1418,303.6346901697747
2024-12-31,Laptop,South,Corporate,718,4,2872,516.055416923948
2024-12-31,Tablet,East,Home Office,640,2,1280,379.27459661934404
2024-12-31,Laptop,South,Corporate,1575,3,4725,980.2275649882835
2024-12-31,Laptop,South,Home Office,1722,4,6888,1840.2068547855308
